:100000000C9485030C94B6030C94B6030C94B603BD
:100010000C94B6030C94B6030C94B6030C94B6037C
:100020000C94B6030C94B6030C94B6030C94B6036C
:100030000C94B6030C94B6030C94B6030C94B6035C
:100040000C94B6030C94B6030C94B6030C94B6034C
:100050000C94B6030C94B6030C94B6030C941A4497
:100060000C94B6030C94883D0C945E3D0C94B6033E
:100070000C94B6030C94B6030C94B6030C94B6031C
:100080000C94B6030C94B6030C94B6030C94B6030C
:100090000C94343D0C940A3D0C94B6030C946444C7
:1000A0000C94B6030C94B6030C94B6030C94B603EC
:1000B0000C94B6030C94B6030C94B6030C94B603DC
:1000C0000C94B6030C94B6030C94B6030C94B603CC
:1000D0000C94B6030C94B6030C94E03C0C94B63C20
:1000E0000C94B6030C942C350C94B23C0C94D103B4
:1000F0000C9484760C945C560C943B550C944B7D7C
:100100000C94B42F0C9447050C94B13E0C943E060D
:100110000C9430070C94603E0C9408050C94A15389
:100120000C9411060C94F7050C94983E0C94E33E45
:100130000C94FC350C9414050C9401360C943D057C
:100140000C94AA2F0C94307E0C94BC360C942C0783
:100150000C94563E0C94587D0C942B050C94C12F96
:100160000C944E040C941B560C94FD510C94E055C9
:100170000C940A060C9402050C94317E0C942358BE
:100180000C94E8050C94DC7D0C94A27A0C941D056B
:100190000C94B62F0C942F050C9440070C94467DBC
:1001A0000C94A23E0C94BB3E0C948E3E0C94CC76E8
:1001B0000C94519B0C946A3E0C9442050C94295467
:1001C0000C9402040C94B3760C948D060C94772F47
:1001D0000C949B040C94FE350C94843E0C94952F47
:1001E0000C94E0030C9439050C94EB590C944936AB
:1001F0000C9484550C942D500C9443050C94E556A6
:100200000C947B580C949D060C947B590C9461546F
:100210000C94E3580C94CF3E0C94A62F0C94493EBA
:100220000C94E7050C9427050C94D0560C941005FB
:100230000C9450590C940E590C947C3E0C944158DB
:100240000C9428070C9421050C943D2F0C941A54FF
:100250000C94743E0C94B94F0C9497560C9417055B
:100260000C9412070C94F4030C9475560C94070725
:100270000C94D93E0C94513E0C9403070C946D06DB
:100280000C94C34F0C94F7780C947EA60C94ED0656
:100290000C945E7C0C942F350C94C53E0C94B92FB5
:1002A0000C940C050C945A550C94EB530C94CA7D89
:1002B0000C94B2530C9435050C94FA550C94AC582C
:1002C00000407A10F35A00A0724E18090010A5D40D
:1002D000E80000E87648170000E40B54020000CA6A
:1002E0009A3B000000E1F5050000809698000000B0
:1002F00040420F000000A08601000000102700000F
:100300000000E803000000006400000000000A0094
:10031000000000000100000000002C76D888DC6797
:100320004F0823DFC1DFAE59E1B1B796E5E3E453EF
:10033000C63AE651997696E8E6C28426EB898C9B0C
:1003400062ED407C6FFCEFBC9C9F40F2BAA56FA5AC
:10035000F490055A2AF75C936B6CF9676DC11BFC2E
:10036000E0E40D47FEF520E6B500D0ED902E030049
:10037000943577050080841E080000204E0A000096
:1003800000C80C333333330F986E12831141EF8D55
:100390002114893BE65516CFFEE6DB18D1844B3895
:1003A0001BF77C1D901DA4BBE424203284725E22C6
:1003B0008100C9F124ECA1E53D27456E6420534539
:1003C0005455500045746865726E657420535441ED
:1003D0005254454400535441525400436F6E6E656D
:1003E000637465640020436F6E6E65637465642199
:1003F00000204552524F52210066616C73650074B3
:100400007275650066616C73650074727565006F66
:10041000666673657400636F6E73466F72636167BF
:1004200065004B64004B69004B7000636F6E730096
:10043000725072657373696F6E4543006F666673C1
:10044000657400636F6E73466F7263616765004B1E
:1004500064004B69004B7000636F6E7300725072E2
:10046000657373696F6E4541006F666673657400EE
:10047000636F6E73466F7263616765004B64004B18
:1004800069004B7000636F6E73007254656D704548
:10049000430077726F6E67207265717565737400C3
:1004A00063616C69622E76616C75653A0063616C9C
:1004B00069622E63616C6962506172616D3A0063BA
:1004C000616C69622E73656E736F7249443A00768F
:1004D000616C75650063616C6962506172616D0089
:1004E00073656E736F7249440043414C4942205218
:1004F000455120726563656976656400686575724B
:10050000653A00646573657269616C697A654A73FE
:100510006F6E2829206661696C65643A20007465F5
:100520006D705041430066616C736500747275654F
:1005300000CDCCCC3D0AD7233C17B7D13877CC2B94
:10054000329595E6241FB14F0A000020410000C8F3
:100550004200401C4620BCBE4CCA1B0E5AAEC59D74
:100560007400002100240027002A002D00300033F1
:100570000001010000040107010A0100002000231E
:1005800000260029002C002F00320000010000038B
:10059000010601090100000A0B02090C0D0E0807F3
:1005A0000304010000000000000000000000000043
:1005B000000000000000000000000000000000003B
:1005C00000121110000000000000000000000000F8
:1005D000000000000000000000000073656E642051
:1005E00063616C69622076616C7565204F4B0067B2
:1005F000657420737461747573204F4B0073656E5E
:10060000642063616C6962204F4B00736574204CF9
:100610006576656C2053204F4B0043414C49422086
:1006200048414D494C544F4E0074656D703A00700E
:10063000483A0053454E534F523A0064617461008A
:1006400074696D650066616C736500747275650030
:1006500001021020200808102040102040800201D4
:1006600002010804020101020408102040808040B9
:1006700020100804020180040201804020100804B8
:100680000201080402010102040810204080010256
:1006900004081020408000002200250028002B00C4
:1006A0002E003100340002010000050108010B0199
:1006B00005050505070508080808020202020A0ADE
:1006C00008080404040401010101010101010303FC
:1006D000030303030303040707070C0C0C0C0C0CA7
:1006E0000C0C0202020206060606060606060B0BA4
:1006F0000B0B0B0B0B0B7C3C3E5E2B3D3F2F5B5DD6
:100700003B2C2A225C007EA6519B11241FBECFEFFA
:10071000D1E2DEBFCDBF00E00CBF17E0A0E0B2E049
:10072000E6E5F3E601E00BBF02C007900D92A637A5
:10073000B107D9F723E1A6E7B7E001C01D92A231C6
:10074000B207E1F713E0C4E8D3E000E006C0219768
:100750000109802FFE010E9410AFC338D10780E04D
:100760000807A9F70E947B9B0C9499B10C94000098
:10077000FC01A089B1898C91A689B78982FD0FC03F
:100780009C91818D8F5F8F73228D821749F0A18D8F
:10079000AE0FBF2FB11D5D969C93818F08958C91F4
:1007A0000895FC01538D448D252F30E0842F90E077
:1007B000821B930B541710F0CF960895019708955C
:1007C000FC01918D828D981761F0A28DAE0FBF2F25
:1007D000B11D5D968C91928D9F5F9F73928F90E07B
:1007E00008958FEF9FEF0895FC01918D828D9817EA
:1007F00031F0828DE80FF11D858D90E008958FEF27
:100800009FEF0895FC01918D228D892F90E0805CEF
:100810009F4F821B91098F73992708958EE891E16C
:100820000E94020421E0892B09F420E0822F089520
:1008300086E79DE00E94020421E0892B09F420E074
:10084000822F089583E19EE00E94020421E0892B1B
:1008500009F420E0822F0895FC01A48DA80FB92F80
:10086000B11DA35ABF4F2C91848D90E001968F73D8
:100870009927848FA689B7892C93A089B1898C91F7
:10088000837080648C93938D848D981306C0028846
:10089000F389E02D80818F7D80830895EF92FF9210
:1008A0000F931F93CF93DF93EC0181E0888F9B8D93
:1008B0008C8D98131AC0E889F989808185FF15C04D
:1008C0009FB7F894EE89FF896083E889F989808170
:1008D0008370806480839FBF81E090E0DF91CF913F
:1008E0001F910F91FF90EF900895F62E0B8D10E061
:1008F0000F5F1F4F0F731127E02E8C8D8E110CC0D0
:100900000FB607FCFACFE889F989808185FFF5CF1A
:10091000CE010E942C04F1CFEB8DEC0FFD2FF11DC9
:10092000E35AFF4FF0829FB7F8940B8FEA89FB8957
:1009300080818062CFCFCF93DF93EC01888D8823B5
:10094000B9F0AA89BB89E889F9898C9185FD03C032
:10095000808186FD0DC00FB607FCF7CF8C9185FF17
:10096000F2CF808185FFEDCFCE010E942C04E9CF2C
:10097000DF91CF91089580E090E0892B29F00E94CB
:10098000220481110E94000080E090E0892B29F070
:100990000E94180481110E94000080E090E0892BE1
:1009A00049F080E090E0892B29F00E94000081113D
:1009B0000E94000080E090E0892B29F00E940E0444
:1009C00081110C94000008958150823108F05AC0C2
:1009D000E82FF0E08827E051FB4F8F4F0C9410AFC9
:1009E00010051405020508050C05420517051D052F
:1009F000210527052B052F053505390542053D0540
:100A000043054705809180008F778093800008958B
:100A1000809180008F7DF9CF80918000877FF5CF16
:100A200084B58F7784BD089584B58F7DFBCF809189
:100A3000B0008F778093B00008958091B0008F7DD3
:100A4000F9CF809190008F778093900008958091E6
:100A500090008F7DF9CF80919000877FF5CF8091B6
:100A6000A0008F778093A00008958091A0008F7DD3
:100A7000F9CF8091A000877FF5CF809120018F77FB
:100A8000809320010895809120018F7DF9CF80917E
:100A90002001877FF5CFCF93DF93282F30E0F90136
:100AA000EB56FA4F8491F901E05BF94FD491F901CB
:100AB000E055F94FC491CC23A1F081110E94E404C8
:100AC000EC2FF0E0EE0FFF1FE558FA4FA591B4911F
:100AD000EC91ED2381E090E009F480E0DF91CF918B
:100AE000089580E090E0FACF863308F08653209195
:100AF0007B00982F9870277F922B90937B008770B4
:100B0000806480937C0080917A00806480937A0076
:100B100080917A0086FDFCCF8091780090917900D9
:100B200008953FB7F8948091C4079091C507A091AC
:100B3000C607B091C70726B5A89B05C02F3F19F07F
:100B40000196A11DB11D3FBFBA2FA92F982F88274D
:100B5000BC01CD01620F711D811D911D42E0660F28
:100B6000771F881F991F4A95D1F7089585ED8093C7
:100B7000BC008091BC0084FDFCCF1092B20E0895A1
:100B800020919C07260F3327331F21323105ECF4C7
:100B90002091B20EFC0190E080E0243069F082E008
:100BA0000895A0919C072191AC014458584FA40F7F
:100BB000B52FB11D2C930196861798F380919C0751
:100BC000680F60939C0780E0089581E00895089580
:100BD000E091B60E8091B50EE81730F4F0E0EA5FD0
:100BE000F44F808190E008958FEF9FEF08959091EA
:100BF000B60E8091B50E2FEF3FEF981748F4E92F0E
:100C0000F0E0EA5FF44F208130E09F5F9093B60EF2
:100C1000C90108958091B50E9091B60E891B990B6C
:100C20000895CF92DF92EF92FF920F931F93CF938D
:100C3000DF937C01CB018A0120914A0B222389F0AA
:100C4000EB016B01C40ED51ECC15DD0569F0699171
:100C5000D701ED91FC910190F081E02DC70119952C
:100C6000F3CF642F0E94C005C801DF91CF911F917F
:100C70000F91FF90EF90DF90CF900895CF93DF9387
:100C80001F92CDB7DEB7698320914A0B2223F9F07A
:100C90002091B30E203258F021E030E0FC01338384
:100CA000228390E080E00F90DF91CF9108958091B2
:100CB000B40EE82FF0E0E55BF44F998190838F5FED
:100CC0008093B40E8093B30E81E090E0ECCF61E0AE
:100CD000CE0101960E94C005F7CFDC015996ED9137
:100CE000FC913097B9F083899489A589B6894285AA
:100CF000538564857585841B950BA60BB70B8115F1
:100D000020E89207A105B10538F08FEF9FE7A0E03A
:100D1000B0E0089590E080E00895DC0159968D914F
:100D20009C91009739F0DC01ED91FC910480F581F4
:100D3000E02D199490E080E00895CF93DF931F9207
:100D4000CDB7DEB76983DC01ED91FC910280F381C0
:100D5000E02D41E050E0BE016F5F7F4F19950F908D
:100D6000DF91CF910895FC0120812EBD9B01215080
:100D7000310941F051810DB407FEFDCF4EB55EBD86
:100D80004193F5CF61507109860F971F0DB407FE8F
:100D9000FDCF2EB5FC0120830895E091000BF0916A
:100DA000010B90818091FF0A8095892380830895AB
:100DB0008EBD00000DB407FEFDCF8EB5089590E006
:100DC0002091020B233339F40C96982F990F990F29
:100DD000990F80E008954896F8CFCF93DF931F9244
:100DE000CDB7DEB76983DC01ED91FC910280F38120
:100DF000E02D41E050E0BE016F5F7F4F19950F90ED
:100E0000DF91CF910895FC01818D928D0895FC01B1
:100E10009485FB018485981303C081E0983008F025
:100E200080E00895CF93DF931F92CDB7DEB769833B
:100E3000DC01ED91FC910280F381E02D41E050E076
:100E4000BE016F5F7F4F19950F90DF91CF9108958D
:100E5000FC01848595850895FC0184899589089510
:100E600022E133E0FC0131832083FB014089518979
:100E700062897389FC014283538364837583089577
:100E8000DC01ED91FC91048CF58DE02D19942F92ED
:100E90003F924F925F926F927F928F929F92AF920A
:100EA000BF92CF92DF92EF92FF920F931F93CF9357
:100EB000DF93CDB7DEB7CA56D1090FB6F894DEBFBF
:100EC0000FBECDBFA7969FAF8EAFA797FB016081E6
:100ED0007181828193810E9418AF6D877E878F8791
:100EE000988B64817581868197810E9418AF698B88
:100EF0007A8B8B8B9C8B60857185828593850E9414
:100F000018AF69A77AA78BA79CA764857585868586
:100F100097850E9418AF69AF7AAF8BAF9CAF60899D
:100F20007189828993890E9418AF21966CAF7DAF39
:100F30008EAF9FAF219764897589868997890E94B2
:100F400018AF6DA77EA78FA798AB608D718D828D2E
:100F5000938D0E9418AF6D8B7E8B8F8B988F648DD5
:100F6000758D868D978D0E9418AF698F7A8F8B8FC4
:100F70009C8F60A171A182A193A10E9418AF2596B8
:100F80006CAF7DAF8EAF9FAF259764A175A186A191
:100F900097A10E9418AF6D8F7E8F8F8F98A360A549
:100FA00071A582A593A50E9418AF69A37AA38BA30C
:100FB0009CA364A575A586A597A50E9418AF69ABEB
:100FC0007AAB8BAB9CAB60A971A982A993A90E9453
:100FD00018AF61966CAF7DAF8EAF9FAF619764A97C
:100FE00075A986A997A90E9418AF69877A878B8708
:100FF0009C8760AD71AD82AD93AD0E9418AF29960C
:101000006CAF7DAF8EAF9FAF299764AD75AD86ADE8
:1010100097AD0E9418AF2D966CAF7DAF8EAF9FAF8E
:101020002D97A796AEADBFADA7974D905D906D90F3
:101030007C90139765964CAE5DAE6EAE7FAE6597B5
:1010400014964D905D906D907C9017976D964CAE78
:101050005DAE6EAE7FAE6D9718964D905D906D90C3
:101060007C901B9769964CAE5DAE6EAE7FAE699775
:101070001C964D905D906D907C901F97A1964CAE04
:101080005DAE6EAE7FAEA19750964D905D906D9027
:101090007C905397A5964CAE5DAE6EAE7FAEA59795
:1010A00069968CAD9DADAEADBFAD6997A1964CACC8
:1010B0005DAC6EAC7FACA19784259525A625B725A0
:1010C0006D966CAC7DAC8EAC9FAC6D9786219721F4
:1010D000A821B921A1968CAC9DACAEACBFACA197B8
:1010E00088259925AA25BB2565960CAD1DAD2EAD8D
:1010F0003FAD659745E0000F111F221F331F4A9532
:10110000D1F765964CAD5DAD6EAD7FAD6597EBE10A
:101110007695679557954795EA95D1F7402B512BD2
:10112000622B732BA5960CAD1DAD2EAD3FADA597D3
:10113000075616482D47354A400F511F621F731F2F
:10114000840F951FA61FB71FAD84BE84CF84D88897
:101150008A0D9B1DAC1DBD1D6D960CAD1DAD2EAD3C
:101160003FAD6D97F2E03695279517950795FA955F
:10117000D1F76D964CAD5DAD6EAD7FAD6D97EEE187
:10118000440F551F661F771FEA95D1F7402B512B4F
:10119000622B732B6996CCACDDACEEACFFAC6997DF
:1011A000C426D526E626F72665960CAD1DAD2EADD8
:1011B0003FAD6597C022D122E222F32269964CAC62
:1011C0005DAC6EAC7FAC6997C424D524E624F724CB
:1011D000A1960CAD1DAD2EAD3FADA197075616489B
:1011E0002D47354A0C0D1D1D2E1D3F1D69887A881F
:1011F0008B889C88060D171D281D391D6C017D01EB
:10120000F5E0CC0CDD1CEE1CFF1CFA95D1F74C016F
:101210005D01EBE1B694A79497948794EA95D1F792
:10122000C828D928EA28FB2846015701800E911EBC
:10123000A21EB31E89829A82AB82BC8265960CADD7
:101240001DAD2EAD3FAD6597F2E03695279517950C
:101250000795FA95D1F76596CCACDDACEEACFFAC5A
:101260006597EEE1CC0CDD1CEE1CFF1CEA95D1F776
:10127000C02AD12AE22AF32A4A015B018C249D2448
:10128000AE24BF2488229922AA22BB228426952636
:10129000A626B72669960CAD1DAD2EAD3FAD69975C
:1012A000075616482D47354A49A45AA46BA47CA476
:1012B000040D151D261D371D800E911EA21EB31E86
:1012C00009811A812B813C81F5E0000F111F221F3B
:1012D000331FFA95D1F749805A806B807C80EBE10F
:1012E0007694679457944794EA95D1F70429152981
:1012F00026293729800E911EA21EB31E8C019D0146
:10130000F2E03695279517950795FA95D1F72C01B8
:101310003D01AEE1440C551C661C771CAA95D1F723
:10132000402A512A622A732AD701C60184259525AD
:10133000A625B72509811A812B813C818023912321
:10134000A223B3238C259D25AE25BF25475656489D
:101350006D47754A09AD1AAD2BAD3CAD400F511F1D
:10136000621F731F480F591F6A1F7B1FD501C401DD
:1013700015E0880F991FAA1FBB1F1A95D1F7950179
:101380008401EBE13695279517950795EA95D1F7F6
:10139000802B912BA22BB32B8C019D01040F151FC9
:1013A000261F371F0D831E832F83388789819A81DB
:1013B000AB81BC81F2E0B695A79597958795FA9594
:1013C000D1F749815A816B817C811EE1440F551F01
:1013D000661F771F1A95D1F7482B592B6A2B7B2B49
:1013E000D301C20184279527A627B72788219921F1
:1013F000AA21BB2184259525A625B72517E6C11A64
:1014000016E8D10A1DE7E10A15EAF10A21960CADAA
:101410001DAD2EAD3FAD2197C00ED11EE21EF31EB5
:101420008C0D9D1DAE1DBF1DCD80DE80EF80F8842C
:1014300005E0CC0CDD1CEE1CFF1C0A95D1F70D81DC
:101440001E812F813885EBE13695279517950795F5
:10145000EA95D1F70C291D292E293F296801790128
:10146000C80ED91EEA1EFB1EC982DA82EB82FC82FC
:10147000D501C401F2E0B695A79597958795FA95A1
:10148000D1F795018401EEE1000F111F221F331FD8
:10149000EA95D1F7082B192B2A2B3B2BDB01CA012C
:1014A00080279127A227B3278D809E80AF80B884A4
:1014B00088219921AA21BB216C017D01C426D52652
:1014C000E626F7268DA59EA5AFA5B8A9875696480E
:1014D000AD47B54A840D951DA61DB71D8C0D9D1DEC
:1014E000AE1DBF1D89809A80AB80BC80F5E0880C62
:1014F000991CAA1CBB1CFA95D1F749805A806B80B5
:101500007C80EBE17694679457944794EA95D1F701
:1015100084289528A628B728880D991DAA1DBB1DCB
:10152000CD80DE80EF80F884F2E0F694E794D794E3
:10153000C794FA95D1F74D805E806F807884EEE194
:10154000440C551C661C771CEA95D1F74C285D2885
:101550006E287F2868017901C424D524E624F72465
:1015600089809A80AB80BC80C820D920EA20FB20EB
:101570004601570180269126A226B326CD88DE8813
:10158000EF88F88CE7E6CE1AE6E8DE0AEDE7EE0A29
:10159000E5EAFE0AC40ED51EE61EF71EC80CD91CCD
:1015A000EA1CFB1CAC01BD01F5E0440F551F661F92
:1015B000771FFA95D1F74C015D01EBE1B694A79442
:1015C00097948794EA95D1F7482959296A297B2964
:1015D0004A015B018C0C9D1CAE1CBF1C8D829E823F
:1015E000AF82B88649815A816B817C81F2E0769521
:1015F000679557954795FA95D1F7C980DA80EB80C2
:10160000FC80EEE1CC0CDD1CEE1CFF1CEA95D1F752
:10161000C42AD52AE62AF72A530142018C249D24A4
:10162000AE24BF2488229922AA22BB22B501A4019C
:101630004425552566257725898C9A8CAB8CBC8CE6
:10164000E7E68E1AE6E89E0AEDE7AE0AE5EABE0A8C
:10165000800E911EA21EB31E840E951EA61EB71EDE
:101660000D811E812F813885F5E0000F111F221F8B
:10167000331FFA95D1F74D815E816F817885EBE15B
:101680007695679557954795EA95D1F7042B152BD5
:10169000262B372B800E911EA21EB31EAC01BD015E
:1016A000F2E07695679557954795FA95D1F78C01B5
:1016B0009D01AEE1000F111F221F331FAA95D1F724
:1016C000042B152B262B372BD701C60180279127FA
:1016D000A227B3274D815E816F817885842395236E
:1016E000A623B7238C259D25AE25BF2525964CAD79
:1016F0005DAD6EAD7FAD2597475656486D47754A2F
:10170000440D551D661D771D480F591F6A1F7B1F0D
:10171000D501C401E5E0880F991FAA1FBB1FEA95F8
:10172000D1F724013501FBE17694679457944794EF
:10173000FA95D1F784299529A629B7292C013D01CD
:10174000440E551E661E771E49825A826B827C8229
:101750008D819E81AF81B88542E0B695A79597951A
:1017600087954A95D1F74D815E816F817885EEE14D
:10177000440F551F661F771FEA95D1F7482B592B49
:101780006A2B7B2BD901C80184279527A627B72769
:1017900088219921AA21BB212C013D0140265126F7
:1017A000622673268D8D9E8DAF8DB8A18756964883
:1017B000AD47B54A8C0D9D1DAE1DBF1D840D951DF9
:1017C000A61DB71DC980DA80EB80FC80F5E0CC0C4B
:1017D000DD1CEE1CFF1CFA95D1F749805A806B8006
:1017E0007C80EBE17694679457944794EA95D1F71F
:1017F0004C285D286E287F28480E591E6A1E7B1EC5
:10180000D501C401F2E0B695A79597958795FA950D
:10181000D1F775016401EEE1CC0CDD1CEE1CFF1C60
:10182000EA95D1F7C82AD92AEA2AFB2ACD82DE8294
:10183000EF82F886D701C60184279527A627B72708
:1018400089809A80AB80BC8088219921AA21BB2104
:101850006C017D01C426D526E626F72689A19AA12A
:10186000ABA1BCA187569648AD47B54A800F911FE2
:10187000A21FB31F8C0D9D1DAE1DBF1D5301420144
:10188000F5E0880C991CAA1CBB1CFA95D1F79301B2
:101890008201EBE13695279517950795EA95D1F7E3
:1018A000802A912AA22AB32A880D991DAA1DBB1D40
:1018B00009811A812B813C81F2E036952795179595
:1018C0000795FA95D1F7A980BA80CB80DC80EEE14C
:1018D000AA0CBB1CCC1CDD1CEA95D1F7A02AB12AAE
:1018E000C22AD32AA982BA82CB82DC82CD80DE8052
:1018F000EF80F88409811A812B813C81C026D12692
:10190000E226F326C420D520E620F7200D811E8193
:101910002F8138850C251D252E253F25C9A8DAA83D
:10192000EBA8FCA8E7E6CE1AE6E8DE0AEDE7EE0A49
:10193000E5EAFE0AC40ED51EE61EF71EC00ED11E35
:10194000E21EF31EAC01BD01F5E0440F551F661FFA
:10195000771FFA95D1F74C015D011BE1B694A7946E
:10196000979487941A95D1F7482959296A297B2990
:10197000C40ED51EE61EF71EB301A20102E0769545
:101980006795579547950A95D1F793018201EEE146
:10199000000F111F221F331FEA95D1F7042B152BBF
:1019A000262B372B89809A80AB80BC80802691269D
:1019B000A226B32688229922AA22BB2249805A80D5
:1019C0006B807C80482459246A247B2461968CACEB
:1019D0009DACAEACBFAC6197F7E68F1AF6E89F0AF4
:1019E000FDE7AF0AF5EABF0A4D815E816F81788518
:1019F000840E951EA61EB71E840C951CA61CB71C33
:101A000026013701F5E0440C551C661C771CFA953D
:101A1000D1F7B701A601EBE1769567955795479504
:101A2000EA95D1F7442A552A662A772AB301A201FA
:101A3000480D591D6A1D7B1D4D835E836F8378871A
:101A4000AC01BD01F2E07695679557954795FA95FB
:101A5000D1F74C015D01AEE1880C991CAA1CBB1C9E
:101A6000AA95D1F7842A952AA62AB72AD901C801AE
:101A700088259925AA25BB258C219D21AE21BF2132
:101A800080279127A227B32749855A856B857C85B6
:101A9000475656486D47754A49805A806B807C800E
:101AA000440D551D661D771D480F591F6A1F7B1F6A
:101AB0008D819E81AF81B885E5E0880F991FAA1FAF
:101AC000BB1FEA95D1F74D805E806F807884FBE183
:101AD0007694679457944794FA95D1F78429952979
:101AE000A629B729480F591F6A1F7B1FD701C601B6
:101AF000E2E0B695A79597958795EA95D1F72601E7
:101B00003701FEE1440C551C661C771CFA95D1F791
:101B1000482A592A6A2A7B2A49825A826B827C8205
:101B2000482459246A247B24CD80DE80EF80F88409
:101B30004C205D206E207F2073016201C824D924CF
:101B4000EA24FB2429964CAC5DAC6EAC7FAC2997A3
:101B500087E6481A86E8580A8DE7680A85EA780A0F
:101B6000400E511E621E731E4C0C5D1C6E1C7F1CB1
:101B70006A017B01A5E0CC0CDD1CEE1CFF1CAA95C4
:101B8000D1F78A019B01BBE13695279517950795FB
:101B9000BA95D1F7C02AD12AE22AF32A4C0C5D1C4F
:101BA0006E1C7F1C8D819E81AF81B88512E0B69539
:101BB000A795979587951A95D1F7CD80DE80EF8010
:101BC000F8840EE1CC0CDD1CEE1CFF1C0A95D1F74D
:101BD000C82AD92AEA2AFB2ACD82DE82EF82F88639
:101BE00089819A81AB81BC818C259D25AE25BF253D
:101BF00084239523A623B723C980DA80EB80FC8059
:101C0000C826D926EA26FB262D968CAD9DADAEAD15
:101C1000BFAD2D9787569648AD47B54A880D991D9B
:101C2000AA1DBB1D8C0D9D1DAE1DBF1D5301420184
:101C300025E0880C991CAA1CBB1C2A95D1F793019E
:101C40008201EBE13695279517950795EA95D1F72F
:101C5000802A912AA22AB32A880D991DAA1DBB1D8C
:101C60008A019B01F2E03695279517950795FA951D
:101C7000D1F7EEE1440F551F661F771FEA95D1F7A4
:101C8000402B512B622B732B0D851E852F85388998
:101C900089A49AA4ABA4BCA4082519252A253B2510
:101CA0002596ACACBDACCEACDFAC25970A251B2588
:101CB0002C253D25C984DA84EB84FC840C251D2564
:101CC0002E253F2548015901880C991CAA1CBB1CD4
:101CD000811C8D869E86AF86B88ACD80DE80EF809F
:101CE000F884C426D526E626F726C420D520E6208B
:101CF000F7200D811E812F8138850C251D252E256D
:101D00003F2575016401E7E6CE1AE6E8DE0AEDE755
:101D1000EE0AE5EAFE0A89809A80AB80BC80C80C96
:101D2000D91CEA1CFB1CC00ED11EE21EF31E8C0146
:101D30009D01F5E0000F111F221F331FFA95D1F707
:101D40004C015D01EBE1B694A79497948794EA95D2
:101D5000D1F7802A912AA22AB32A8C0C9D1CAE1C92
:101D6000BF1C93018201F2E03695279517950795E0
:101D7000FA95D1F773016201EEE1CC0CDD1CEE1C8B
:101D8000FF1CEA95D1F7C02AD12AE22AF32AC98298
:101D9000DA82EB82FC8209891A892B893C8949AC59
:101DA0005AAC6BAC7CAC0425152526253725CD8C8B
:101DB000DE8CEF8CF8A00C251D252E253F252996BD
:101DC0004CAC5DAC6EAC7FAC29970425152526255F
:101DD000372568017901CC0CDD1CEE1CFF1CC11CF1
:101DE000C98ADA8AEB8AFC8A49805A806B807C80B7
:101DF0004426552666267726482259226A227B22C7
:101E0000930182010427152726273727260137014A
:101E1000E7E64E1AE6E85E0AEDE76E0AE5EA7E0AB4
:101E2000CD80DE80EF80F8844C0C5D1C6E1C7F1C26
:101E300073016201C00ED11EE21EF31ECDA2DEA20E
:101E4000EFA2F8A685017401F5E0EE0CFF1C001F5F
:101E5000111FFA95D1F7240135012BE1769467948F
:101E6000579447942A95D1F7E428F528062917298D
:101E70004DA05EA06FA078A44E0C5F1C601E711E6A
:101E80004DA25EA26FA278A62C013D0132E07694AD
:101E90006794579447943A95D1F7EEE1880F991FCC
:101EA000AA1FBB1FEA95D1F784299529A629B7292E
:101EB00049A45AA46BA47CA42196CCACDDACEEACB6
:101EC000FFAC21974C245D246E247F24E9A0FAA066
:101ED0000BA11CA14E245F24602671262D960CAD0B
:101EE0001DAD2EAD3FAD2D9740265126622673269F
:101EF00073016201CC0CDD1CEE1CFF1CC11CCD82E9
:101F0000DE82EF82F88649805A806B807C8048268A
:101F100059266A267B26482059206A207B20098181
:101F20001A812B813C81042515252625372526017C
:101F30003701E7E64E1AE6E85E0AEDE76E0AE5EAE3
:101F40007E0A440D551D661D771D400F511F621FEF
:101F5000731F4DA05EA06FA078A4F5E0440C551C43
:101F6000661C771CFA95D1F70DA11EA12FA138A5EB
:101F7000EBE13695279517950795EA95D1F7402A15
:101F8000512A622A732A440D551D661D771D2401AE
:101F90003501F2E07694679457944794FA95D1F717
:101FA000750164011EE1CC0CDD1CEE1CFF1C1A95B2
:101FB000D1F7C428D528E628F728AB96CCAEDDAEFD
:101FC000EEAEFFAEAB9789AC9AACABACBCACEDA4BB
:101FD000FEA40FA518A98E249F24A026B12609A926
:101FE0001AA92BA93CA980269126A226B3264D84A6
:101FF0005E846F84788884249524A624B724750190
:102000006401CC0CDD1CEE1CFF1CC11CC9A6DAA6A9
:10201000EBA6FCA6AB968CAC9DACAEACBFACAB97C4
:1020200088269926AA26BB26EDA0FEA00FA118A5FA
:102030008E209F20A022B12288269926AA26BB2680
:1020400049A45AA46BA47CA407E6401A06E8500AE7
:102050000DE7600A05EA700AC980DA80EB80FC802F
:102060004C0C5D1C6E1C7F1C840C951CA61CB71CA4
:102070002A013B0105E0440C551C661C771C0A959F
:10208000D1F76A017B012BE1F694E794D794C794CA
:102090002A95D1F74C285D286E287F28480C591CBA
:1020A0006A1C7B1C8DA09EA0AFA0B8A432E0B694A1
:1020B000A794979487943A95D1F7CDA0DEA0EFA08E
:1020C000F8A4EEE1CC0CDD1CEE1CFF1CEA95D1F768
:1020D000C828D928EA28FB2821968CAC9DACAEAC48
:1020E000BFAC21970D891E892F89388D80269126B6
:1020F000A226B32661960CAD1DAD2EAD3FAD619706
:1021000080269126A226B32609891A892B893C8923
:1021100080269126A226B32695018401000F111F67
:10212000221F331F011D09831A832B833C83AB9627
:102130008CAC9DACAEACBFACAB978C249D24AE24D4
:10214000BF2484269526A626B7260F55144126427D
:102150003149800F911FA21FB31F880D991DAA1D21
:10216000BB1D53014201F5E0880C991CAA1CBB1C45
:10217000FA95D1F793018201EBE1369527951795F2
:102180000795EA95D1F7802A912AA22AB32A880DC9
:10219000991DAA1DBB1D4A015B01F2E0B694A794EC
:1021A00097948794FA95D1F78A019B014EE1000F2D
:1021B000111F221F331F4A95D1F7082919292A29EF
:1021C0003B290DAB1EAB2FAB38AF4DA55EA56FA560
:1021D00078A9898C9A8CAB8CBC8C482559256A25AA
:1021E0007B2509851A852B853C8540275127622749
:1021F00073278D809E80AF80B884482559256A2535
:102200007B258A019B01000F111F221F331F011D17
:102210000DA31EA32FA338A78DA89EA8AFA8B8AC66
:102220008C249D24AE24BF2484249524A624B72482
:10223000B901A8014F55544166427149AB960CADA6
:102240001DAD2EAD3FADAB97400F511F621F731FE9
:10225000840E951EA61EB71EAC01BD01E5E0440F1D
:10226000551F661F771FEA95D1F78C019D01FBE191
:102270003695279517950795FA95D1F7402B512B51
:10228000622B732B840E951EA61EB71EB301A201EE
:1022900012E076956795579547951A95D1F7930172
:1022A0008201EEE1000F111F221F331FEA95D1F7C3
:1022B000042B152B262B372B0DA71EA72FA738ABCA
:1022C0004D895E896F89788D25964CAC5DAC6EAC7E
:1022D0007FAC2597442555256625772529960CAD95
:1022E0001DAD2EAD3FAD299740275127622773279B
:1022F00049A45AA46BA47CA44425552566257725BA
:102300008A019B01000F111F221F331F011D09AFFE
:102310001AAF2BAF3CAF4DA95EA96FA978AD4DA404
:102320005EA46FA478A844255525662577254827FF
:1023300059276A277B27280139010FE5401A04E154
:10234000500A06E2600A01E9700AC40CD51CE61CBA
:10235000F71CC40ED51EE61EF71E24013501F5E05C
:10236000440C551C661C771CFA95D1F7B501A401E5
:102370001BE176956795579547951A95D1F7442AAD
:10238000552A662A772AC40CD51CE61CF71CAC011A
:10239000BD0102E076956795579547950A95D1F767
:1023A0008C019D018EE1000F111F221F331F8A95A2
:1023B000D1F7042B152B262B372B898D9A8DAB8DBE
:1023C000BC8D4D8D5E8D6F8D78A184279527A627B6
:1023D000B7272D964CAC5DAC6EAC7FAC2D978425A9
:1023E0009525A625B72549815A816B817C81842753
:1023F0009527A627B7272C013D01440C551C661CC8
:10240000771C411C21964CAE5DAE6EAE7FAE21971F
:102410008DA59EA5AFA5B8A980279127A227B32790
:1024200088259925AA25BB25B301A2014F55544102
:10243000664271494DA85EA86FA878AC440D551D41
:10244000661D771D480F591F6A1F7B1FD701C601E4
:10245000E5E0880F991FAA1FBB1FEA95D1F7260157
:102460003701FBE17694679457944794FA95D1F736
:1024700084299529A629B729480F591F6A1F7B1F50
:10248000D501C401E2E0B695A79597958795EA95A1
:10249000D1F724013501FEE1440C551C661C771C64
:1024A000FA95D1F7482A592A6A2A7B2A4D8A5E8AE8
:1024B0006F8A788E25968CAD9DADAEADBFAD25975C
:1024C00069A07AA08BA09CA086259725A825B92570
:1024D0008D849E84AF84B88888259925AA25BB253C
:1024E0004DA05EA06FA078A484259525A625B725CC
:1024F0003C014D01660C771C881C991C611C6DAA5F
:102500007EAA8FAA98AE8D899E89AF89B88D8027C3
:102510009127A227B3278C259D25AE25BF25230112
:102520003401EFE54E1AE4E15E0AE6E26E0AE1E903
:102530007E0A8DA49EA4AFA4B8A8480C591C6A1C9E
:102540007B1C840D951DA61DB71D4A015B01E5E0AE
:10255000880C991CAA1CBB1CEA95D1F72A013B01E7
:10256000FBE17694679457944794FA95D1F78428C1
:102570009528A628B72824013501480E591E6A1E41
:102580007B1ED701C601E2E0B695A7959795879582
:10259000EA95D1F746015701FEE1880C991CAA1C67
:1025A000BB1CFA95D1F7882A992AAA2ABB2A898EB8
:1025B0009A8EAB8EBC8E8D8D9E8DAF8DB8A1A9A845
:1025C000BAA8CBA8DCA88A259B25AC25BD25C9883F
:1025D000DA88EB88FC888C259D25AE25BF2589AC43
:1025E0009AACABACBCAC88259925AA25BB255C016F
:1025F0006D01AA0CBB1CCC1CDD1CA11CADA6BEA68B
:10260000CFA6D8AA8D889E88AF88B88CC98CDA8C62
:10261000EB8CFC8C8C249D24AE24BF248426952630
:10262000A626B7268DA59EA5AFA5B8A98F5594411E
:10263000A642B149800F911FA21FB31F880D991D9B
:10264000AA1DBB1D7301620115E0CC0CDD1CEE1C44
:10265000FF1C1A95D1F793018201EBE1369527957E
:1026600017950795EA95D1F7C02AD12AE22AF32ACD
:102670008C0D9D1DAE1DBF1D8A019B01F2E036959C
:10268000279517950795FA95D1F76A017B014EE1D9
:10269000CC0CDD1CEE1CFF1C4A95D1F7C02AD12AB8
:1026A000E22AF32A49A15AA16BA17CA161960CAD43
:1026B0001DAD2EAD3FAD619740275127622773278F
:1026C0008D809E80AF80B884482559256A257B255A
:1026D00021960CAD1DAD2EAD3FAD21974027512762
:1026E000622773274A015B01880C991CAA1CBB1C3A
:1026F000811C25968CAE9DAEAEAEBFAE2597098DE2
:102700001A8D2B8D3C8D0C251D252E253F2504254E
:102710001525262537254FE5841A44E1940A46E21B
:10272000A40A41E9B40A4D895E896F89788D840EC7
:10273000951EA61EB71E800E911EA21EB31EAC01D2
:10274000BD01E5E0440F551F661F771FEA95D1F7DD
:102750008C019D01FBE13695279517950795FA9514
:10276000D1F7402B512B622B732B840E951EA61E86
:10277000B71EB301A20112E076956795579547956C
:102780001A95D1F793018201EEE1000F111F221F6C
:10279000331FEA95D1F7042B152B262B372B0D8FE2
:1027A0001E8F2F8F38A349A95AA96BA97CA94984E8
:1027B0005A846B847C84442555256625772509A594
:1027C0001AA52BA53CA540275127622773274DA8A2
:1027D0005EA86FA878AC44255525662577258A0123
:1027E0009B01000F111F221F331F011D0D8B1E8B1C
:1027F0002F8B388F0D8D1E8D2F8D38A10C251D250B
:102800002E253F25082719272A273B274D895E8932
:102810006F89788D4F55544166427149498C5A8C65
:102820006B8C7C8C440D551D661D771D400F511F10
:10283000621F731F24013501F5E0440C551C661C12
:10284000771CFA95D1F795018401EBE13695279530
:1028500017950795EA95D1F70429152926293729CF
:10286000040F151F261F371FAC01BD01F2E076953E
:10287000679557954795FA95D1F72C013D01AEE143
:10288000440C551C661C771CAA95D1F7442A552A7E
:10289000662A772A61968CAD9DADAEADBFAD6197CE
:1028A00029964CAD5DAD6EAD7FAD299784279527F8
:1028B000A627B72749815A816B817C818427952778
:1028C000A627B7274DA55EA56FA578A984279527CC
:1028D000A627B727AC01BD01440F551F661F771F00
:1028E000411D498F5A8F6B8F7C8F8D8D9E8DAF8D43
:1028F000B8A184259525A625B72588259925AA253B
:10290000BB254F555441664271494C0D5D1D6E1DEE
:102910007F1D480F591F6A1F7B1FD901C801E5E0C1
:10292000880F991FAA1FBB1FEA95D1F7680179018B
:10293000FBE1F694E794D794C794FA95D1F78C29E4
:102940009D29AE29BF29480F591F6A1F7B1FD5013A
:10295000C401E2E0B695A79597958795EA95D1F7DA
:1029600075016401FEE1CC0CDD1CEE1CFF1CFA9528
:10297000D1F7C82AD92AEA2AFB2AC9A2DAA2EBA2ED
:10298000FCA289859A85AB85BC852D968CAC9DACC7
:10299000AEACBFAC2D9788259925AA25BB25ADA047
:1029A000BEA0CFA0D8A48A259B25AC25BD25259601
:1029B000CCACDDACEEACFFAC25978C259D25AE25CF
:1029C000BF254C015D01880C991CAA1CBB1C811CF5
:1029D00089869A86AB86BC86C9A0DAA0EBA0FCA04B
:1029E000C424D524E624F724C026D126E226F326E3
:1029F000D501C4018F559441A642B1498D8C9E8C5E
:102A0000AF8CB8A0880D991DAA1DBB1D8C0D9D1DF6
:102A1000AE1DBF1D4A015B01E5E0880C991CAA1C94
:102A2000BB1CEA95D1F76A017B01FBE1F694E794C0
:102A3000D794C794FA95D1F7C828D928EA28FB2853
:102A4000C80ED91EEA1EFB1ED901C801E2E0B695E8
:102A5000A79597958795EA95D1F748015901FEE129
:102A6000880C991CAA1CBB1CFA95D1F7882A992AB4
:102A7000AA2ABB2A8D8E9E8EAF8EB8A229968CADC7
:102A80009DADAEADBFAD29970D851E852F853889CB
:102A900080279127A227B32789AC9AACABACBCACFA
:102AA00088259925AA25BB250D891E892F89388D52
:102AB00080279127A227B3274C015D01880C991C20
:102AC000AA1CBB1C811C29968CAE9DAEAEAEBFAEBF
:102AD000299789A09AA0ABA0BCA00D8D1E8D2F8D2B
:102AE00038A180269126A226B32684269526A626DE
:102AF000B72629968CAD9DADAEADBFAD29978F554C
:102B00009441A642B149840D951DA61DB71D880D9F
:102B1000991DAA1DBB1D97018601E5E0000F111F3D
:102B2000221F331FEA95D1F746015701FBE1B69406
:102B3000A79497948794FA95D1F7082919292A29F7
:102B40003B29800F911FA21FB31F8A019B01E2E066
:102B50003695279517950795EA95D1F7FEE1440F2D
:102B6000551F661F771FFA95D1F7402B512B622B0B
:102B7000732B2D960CAD1DAD2EAD3FAD2D97498815
:102B80005A886B887C8804251525262537252196AB
:102B90006CAC7DAC8EAC9FAC219706251725282503
:102BA0003925898C9A8CAB8CBC8C082519252A2553
:102BB0003B2528013901440C551C661C771C411C1F
:102BC0002D964CAE5DAE6EAE7FAE2D974D8C5E8C6D
:102BD0006F8C78A044265526662677264C245D24E3
:102BE0006E247F242D968CAC9DACAEACBFAC2D97E3
:102BF0000FE5801A04E1900A06E2A00A01E9B00A92
:102C000009A11AA12BA13CA1800E911EA21EB31EE8
:102C1000840C951CA61CB71C2C013D0115E0440C2E
:102C2000551C661C771C1A95D1F78C019D01EBE1B0
:102C30003695279517950795EA95D1F7402A512A99
:102C4000622A732A840C951CA61CB71C9701860166
:102C5000F2E03695279517950795FA95D1F7260155
:102C60003701EEE1440C551C661C771CEA95D1F740
:102C7000402A512A622A732A49A25AA26BA27CA234
:102C80000D851E852F853889CD80DE80EF80F88404
:102C90000C251D252E253F254DA85EA86FA878ACD4
:102CA0000425152526253725C984DA84EB84FC8480
:102CB0000C251D252E253F2528013901440C551CC6
:102CC000661C771C411C4D865E866F86788AC9A07B
:102CD000DAA0EBA0FCA0C426D526E626F726C82657
:102CE000D926EA26FB26930182010F55144126427C
:102CF00031494D8C5E8C6F8C78A0040D151D261DFE
:102D0000371D0C0D1D1D2E1D3F1D75016401F5E0C5
:102D1000CC0CDD1CEE1CFF1CFA95D1F7240135010B
:102D2000EBE17694679457944794EA95D1F7C428D9
:102D3000D528E628F7280C0D1D1D2E1D3F1D6C0102
:102D40007D01F2E0F694E794D794C794FA95D1F711
:102D50002C013D01AEE1440C551C661C771CAA9564
:102D6000D1F74C285D286E287F2849AA5AAA6BAA59
:102D70007CAA89899A89AB89BC89C9A4DAA4EBA405
:102D8000FCA48C259D25AE25BF254DA45EA46FA473
:102D900078A884259525A625B7252996CCACDDAC49
:102DA000EEACFFAC29978C259D25AE25BF252C01C7
:102DB0003D01440C551C661C771C411C498A5A8AEB
:102DC0006B8A7C8A49A05AA06BA07CA0C9A8DAA80B
:102DD000EBA8FCA84C245D246E247F2448245924AD
:102DE0006A247B24C988DA88EB88FC888FE5C81AB6
:102DF00084E1D80A86E2E80A81E9F80A4C0D5D1DF3
:102E00006E1D7F1D440D551D661D771DD901C8011E
:102E1000E5E0880F991FAA1FBB1FEA95D1F768014B
:102E20007901FBE1F694E794D794C794FA95D1F72A
:102E30008C299D29AE29BF29480F591F6A1F7B1F66
:102E4000D501C401E2E0B695A79597958795EA95D7
:102E5000D1F7FEE1880C991CAA1CBB1CFA95D1F78E
:102E6000882A992AAA2ABB2A4D805E806F8078849E
:102E7000C980DA80EB80FC804C245D246E247F24A2
:102E800025968CAD9DADAEADBFAD25974826592694
:102E90006A267B262D96CCACDDACEEACFFAC2D9734
:102EA0004C245D246E247F24D301C201880F991F16
:102EB000AA1FBB1F811D8D8F9E8FAF8FB8A349A8FE
:102EC0005AA86BA87CA8482459246A247B2440264D
:102ED0005126622673266C017D019FE5C91A94E193
:102EE000D90A96E2E90A91E9F90A89A19AA1ABA166
:102EF000BCA1C80ED91EEA1EFB1EC40CD51CE61CC4
:102F0000F71C2A013B01A5E0440C551C661C771CEC
:102F1000AA95D1F7DB01CA01EBE1B695A795979584
:102F20008795EA95D1F784299529A629B729C80E4E
:102F3000D91EEA1EFB1ED901C801F2E0B695A7957D
:102F400097958795FA95D1F7280139011EE1440C30
:102F5000551C661C771C1A95D1F7482A592A6A2AEB
:102F60007B2A4D825E826F82788689A59AA5ABA561
:102F7000BCA50DA11EA12FA138A580279127A227AE
:102F8000B3274D885E886F88788C84259525A62583
:102F9000B7250D851E852F85388980279127A22783
:102FA000B3272C013D01440C551C661C771C411CA9
:102FB00049A65AA66BA67CA64D805E806F80788459
:102FC000482459246A247B244426552666267726DD
:102FD00089A59AA5ABA5BCA58F559441A642B14938
:102FE00009A91AA92BA93CA9800F911FA21FB31FE1
:102FF000840D951DA61DB71D97018601E5E0000F04
:10300000111F221F331FEA95D1F726013701FBE17B
:103010007694679457944794FA95D1F7402A512AA9
:10302000622A732A480E591E6A1E7B1EDB01CA01E2
:1030300012E0B695A795979587951A95D1F78A01CD
:103040009B014EE1000F111F221F331F4A95D1F73C
:10305000082B192B2A2B3B2B09AB1AAB2BAB3CAB08
:1030600009811A812B813C8149AD5AAD6BAD7CAD94
:103070000427152726273727698D7A8D8B8D9C8D00
:10308000062717272827392789899A89AB89BC8978
:10309000082719272A273B27B901A801440F551FE4
:1030A000661F771F411D49A35AA36BA37CA38D8183
:1030B0009E81AF81B88509A91AA92BA93CA98027AF
:1030C0009127A227B3278C259D25AE25BF258A01F0
:1030D0009B010F55144126423149800E911EA21EBC
:1030E000B31E880D991DAA1DBB1DB301A201E5E009
:1030F000440F551F661F771FEA95D1F79301820190
:10310000FBE13695279517950795FA95D1F7402B52
:10311000512B622B732B480F591F6A1F7B1FD7013E
:10312000C60112E0B695A795979587951A95D1F7A0
:1031300097018601EEE1000F111F221F331FEA9550
:10314000D1F7082B192B2A2B3B2B8DA19EA1AFA1C8
:10315000B8A521968CAC9DACAEACBFAC21978825B0
:103160009925AA25BB25A984BA84CB84DC848A2529
:103170009B25AC25BD25CD8CDE8CEF8CF8A08C2555
:103180009D25AE25BF254C015D01880C991CAA1C0C
:10319000BB1C811C8DA29EA2AFA2B8A689A89AA82A
:1031A000ABA8BCA880269126A226B3268424952409
:1031B000A624B724CDA0DEA0EFA0F8A48FE5C81AFE
:1031C00084E1D80A86E2E80A81E9F80A8D819E81C5
:1031D000AF81B885C80ED91EEA1EFB1EC80CD91CCB
:1031E000EA1CFB1C4A015B01F5E0880C991CAA1C37
:1031F000BB1CFA95D1F7DB01CA01EBE1B695A795A7
:1032000097958795EA95D1F788299929AA29BB2905
:103210008C0D9D1DAE1DBF1D73016201F2E0F69481
:10322000E794D794C794FA95D1F753014201EEE1A0
:10323000880C991CAA1CBB1CEA95D1F78C289D28E8
:10324000AE28BF2889829A82AB82BC82C9ACDAAC34
:10325000EBACFCAC4DA85EA86FA878ACC424D52418
:10326000E624F72429966CAC7DAC8EAC9FAC2997F4
:10327000C624D724E824F92489A49AA4ABA4BCA426
:10328000C824D924EA24FB2426013701440C551C08
:10329000661C771C411C49AE5AAE6BAE7CAE898071
:1032A0009A80AB80BC8080269126A226B3268426F5
:1032B0009526A626B72673016201EFE5CE1AE4E152
:1032C000DE0AE6E2EE0AE1E9FE0A49A85AA86BA87E
:1032D0007CA8C40CD51CE61CF71CC80CD91CEA1C25
:1032E000FB1C4C015D01F5E0880C991CAA1CBB1C61
:1032F000FA95D1F71C012D01EBE1569447943794D0
:103300002794EA95D1F782289328A428B5288C0C15
:103310009D1CAE1CBF1C6A017B01F2E0F694E79491
:10332000D794C794FA95D1F72A013B014EE1440C9A
:10333000551C661C771C4A95D1F74C285D286E28D1
:103340007F284D825E826F82788621964CAD5DAD7E
:103350006EAD7FAD2197CDA4DEA4EFA4F8A84C25D7
:103360005D256E257F252D964CAC5DAC6EAC7FAC9B
:103370002D974425552566257725C9A0DAA0EBA011
:10338000FCA04C255D256E257F252A013B01440CC0
:10339000551C661C771C411C21964CAE5DAE6EAE72
:1033A0007FAE219749815A816B817C81CD80DE80FF
:1033B000EF80F8844C255D256E257F254827592709
:1033C0006A277B2773016201EFE5CE1AE4E1DE0A8A
:1033D000E6E2EE0AE1E9FE0AC00ED11EE21EF31E8D
:1033E0004C0D5D1D6E1D7F1D75016401E5E0CC0C6B
:1033F000DD1CEE1CFF1CEA95D1F795018401FBE171
:103400003695279517950795FA95D1F7C02AD12AB1
:10341000E22AF32AC40ED51EE61EF71EAC01BD013A
:1034200012E076956795579547951A95D1F70EE175
:10343000880F991FAA1FBB1F0A95D1F7842B952BC4
:10344000A62BB72B4DA95EA96FA978AD25964CACDC
:103450005DAC6EAC7FAC2597442555256625772558
:103460000D851E852F8538894027512762277327B0
:103470004DA05EA06FA078A444255525662577252C
:103480008A019B01000F111F221F331F011D0DAB6D
:103490001EAB2FAB38AF14012501282A392A4A2A3E
:1034A0005B2A2D813E814F8158852222332244227E
:1034B0005522B501A401482359236A237B23242ADA
:1034C000352A462A572A4DA95EA96FA978AD4452DC
:1034D0005344644E704709811A812B813C81400F0F
:1034E000511F621F731F420D531D641D751D9701EF
:1034F0008601E5E0000F111F221F331FEA95D1F767
:1035000026013701FBE17694679457944794FA9526
:10351000D1F70429152926293729040F151F261F3D
:10352000371FB501A401E2E0769567955795479559
:10353000EA95D1F724013501FEE1440C551C661CC7
:10354000771CFA95D1F7442A552A662A772A4982A8
:103550005A826B827C824DA55EA56FA578A96D8885
:103560007E888F88988C46255725682579258988F7
:103570009A88AB88BC88482559256A257B2549ACA3
:103580005AAC6BAC7CAC44255525662577253A01B1
:103590004B01660C771C881C991C611C6DA67EA6CD
:1035A0008FA698AA49815A816B817C814C295D291B
:1035B0006E297F29482359236A237B2389809A8097
:1035C000AB80BC808C209D20AE20BF20842A952A11
:1035D000A62AB72A4DA45EA46FA478A844E2441A90
:1035E00043E4540A44EE640A40E7740A4D815E8164
:1035F0006F817885440E551E661E771E840C951CBF
:10360000A61CB71CB901A801E5E0440F551F661FB1
:10361000771FEA95D1F728013901FBE17694679489
:1036200057944794FA95D1F7442955296629772963
:10363000840E951EA61EB71EB701A601E2E0769580
:10364000679557954795EA95D1F726013701FEE131
:10365000440C551C661C771CFA95D1F7442A552A50
:10366000662A772A25964CAD5DAD6EAD7FAD259768
:10367000C98CDA8CEB8CFC8C4C255D256E257F2566
:10368000CD8CDE8CEF8CF8A04C255D256E257F253A
:103690002196CCACDDACEEACFFAC21974C255D2582
:1036A0006E257F256A017B01CC0CDD1CEE1CFF1C06
:1036B000C11C2596CCAEDDAEEEAEFFAE25976801FF
:1036C0007901C428D528E628F72849815A816B81D9
:1036D0007C81C422D522E622F722B901A801442127
:1036E0005521662177214C295D296E297F29259650
:1036F000CCACDDACEEACFFAC2597E4E2CE1AE3E453
:10370000DE0AE4EEEE0AE0E7FE0A8C0D9D1DAE1D1A
:10371000BF1D840F951FA61FB71F7501640145E0EB
:10372000CC0CDD1CEE1CFF1C4A95D1F7B501A401A1
:10373000EBE17695679557954795EA95D1F7C42AB9
:10374000D52AE62AF72A8C0D9D1DAE1DBF1DB90195
:10375000A801F2E07695679557954795FA95D1F7C8
:10376000680179011EE1CC0CDD1CEE1CFF1C1A95D2
:10377000D1F7C42AD52AE62AF72ACD82DE82EF8243
:10378000F8860D891E892F89388D49855A856B8564
:103790007C850427152726273727C9A4DAA4EBA49C
:1037A000FCA40C251D252E253F254DA95EA96FA93A
:1037B00078AD042715272627372768017901CC0C17
:1037C000DD1CEE1CFF1CC11CCD8ADE8AEF8AF88E40
:1037D000CD80DE80EF80F884C828D928EA28FB282D
:1037E000C420D520E620F7204D815E816F81788549
:1037F000482159216A217B21C42AD52AE62AF72AA1
:103800004D895E896F89788D44525344644E704768
:1038100009811A812B813C81400F511F621F731F48
:103820004C0D5D1D6E1D7F1D8C019D01E5E0000F9F
:10383000111F221F331FEA95D1F76C017D01FBE1B7
:10384000F694E794D794C794FA95D1F70C291D29DB
:103850002E293F29400F511F621F731F95018401BC
:10386000E2E03695279517950795EA95D1F775010A
:103870006401FEE1CC0CDD1CEE1CFF1CFA95D1F7B7
:10388000C02AD12AE22AF32AC982DA82EB82FC8298
:10389000098D1A8D2B8D3C8D29968CAC9DACAEACD0
:1038A000BFAC2997082519252A253B25A9A0BAA030
:1038B000CBA0DCA00A251B252C253D25CDA4DEA40C
:1038C000EFA4F8A80C251D252E253F2548015901F8
:1038D000880C991CAA1CBB1C811C898E9A8EAB8EED
:1038E000BC8E09811A812B813C81082B192B2A2B34
:1038F0003B2BAD80BE80CF80D8840A211B212C2198
:103900003D21C980DA80EB80FC80C822D922EA22DE
:10391000FB220C291D292E293F29C98CDA8CEB8C1E
:10392000FC8CE4E2CE1AE3E4DE0AE4EEEE0AE0E721
:10393000FE0AC40CD51CE61CF71CC00ED11EE21EEC
:10394000F31E4A015B0115E0880C991CAA1CBB1CE4
:103950001A95D1F72A013B010BE1769467945794AD
:1039600047940A95D1F784289528A628B728C80C2B
:10397000D91CEA1CFB1C8C019D01E2E036952795C1
:1039800017950795EA95D1F72C013D01FEE1440C0E
:10399000551C661C771CFA95D1F7402A512A622AD9
:1039A000732A89859A85AB85BC852D968CAC9DAC98
:1039B000AEACBFAC2D9788259925AA25BB250DA1B6
:1039C0001EA12FA138A580279127A227B3272596CE
:1039D0008CAC9DACAEACBFAC259788259925AA25AB
:1039E000BB258C019D01000F111F221F331F011DDC
:1039F00009AB1AAB2BAB3CAB4A015B018428952881
:103A0000A628B72889819A81AB81BC818822992216
:103A1000AA22BB228A019B010421152126213721DC
:103A2000802A912AA22AB32A09A91AA92BA93CA95A
:103A300004521344244E30478D819E81AF81B88556
:103A4000080F191F2A1F3B1F080D191D2A1D3B1D9A
:103A5000D701C601E5E0880F991FAA1FBB1FEA9591
:103A6000D1F746015701FBE1B694A7949794879448
:103A7000FA95D1F788299929AA29BB29080F191F76
:103A80002A1F3B1FDB01CA01E2E0B695A795979577
:103A90008795EA95D1F74A015B01FEE1880C991CF4
:103AA000AA1CBB1CFA95D1F7882A992AAA2ABB2AF4
:103AB0008D829E82AF82B88629968CAD9DADAEADCB
:103AC000BFAD29974D855E856F85788984279527B9
:103AD000A627B72789AC9AACABACBCAC8825992596
:103AE000AA25BB254D895E896F89788D8427952706
:103AF000A627B7274C015D01880C991CAA1CBB1C8A
:103B0000811C29968CAE9DAEAEAEBFAE29978D813D
:103B10009E81AF81B8858C299D29AE29BF2984213A
:103B20009521A621B7218D809E80AF80B8848C20FE
:103B30009D20AE20BF2088299929AA29BB29299632
:103B40008CAC9DACAEACBFAC299744E2841A43E484
:103B5000940A44EEA40A40E7B40A49815A816B8171
:103B60007C81840E951EA61EB71E880D991DAA1D68
:103B7000BB1DB901A801E5E0440F551F661F771F63
:103B8000EA95D1F748015901FBE1B694A7949794BF
:103B90008794FA95D1F7482959296A297B294A013E
:103BA0005B01880E991EAA1EBB1ED701C60142E00A
:103BB000B695A795979587954A95D1F7B701A60130
:103BC000EEE1440F551F661F771FEA95D1F7482B8A
:103BD000592B6A2B7B2B2D968CAD9DADAEADBFAD19
:103BE0002D97C988DA88EB88FC888C259D25AE2521
:103BF000BF252196CCACDDACEEACFFAC21978C257B
:103C00009D25AE25BF25C98CDA8CEB8CFC8C8C25D0
:103C10009D25AE25BF256C017D01CC0CDD1CEE1C65
:103C2000FF1CC11C2D96CCAEDDAEEEAEFFAE2D97C7
:103C300068017901C42AD52AE62AF72A8D819E8156
:103C4000AF81B885C822D922EA22FB22D901C80156
:103C500084239523A623B723C82AD92AEA2AFB2A34
:103C60002D968CAD9DADAEADBFAD2D9784529344D6
:103C7000A44EB047840D951DA61DB71D8C0D9D1D2E
:103C8000AE1DBF1D75016401F5E0CC0CDD1CEE1C02
:103C9000FF1CFA95D1F724013501EBE17694679486
:103CA00057944794EA95D1F7C428D528E628F728F1
:103CB0008C0D9D1DAE1DBF1D68017901F2E0F694CB
:103CC000E794D794C794FA95D1F7280139011EE1FA
:103CD000440C551C661C771C1A95D1F74C285D289E
:103CE0006E287F2849825A826B827C820D851E85D0
:103CF0002F853889CD8CDE8CEF8CF8A00C251D2506
:103D00002E253F254DA85EA86FA878AC0425152563
:103D100026253725C9A8DAA8EBA8FCA80C251D255F
:103D20002E253F2528013901440C551C661C771CA3
:103D3000411C4D865E866F86788A49805A806B80EA
:103D40007C80482859286A287B28442255226622EC
:103D50007722C980DA80EB80FC80C820D920EA2055
:103D6000FB204C285D286E287F28CD84DE84EF84DC
:103D7000F88804E2C01A03E4D00A04EEE00A00E77F
:103D8000F00A0D811E812F813885C00ED11EE21EE2
:103D9000F31EC40CD51CE61CF71C8C019D01E5E04C
:103DA000000F111F221F331FEA95D1F72C013D018F
:103DB000FBE17694679457944794FA95D1F7402A9B
:103DC000512A622A732A4C0C5D1C6E1C7F1C9501C3
:103DD0008401E2E03695279517950795EA95D1F786
:103DE00075016401FEE1CC0CDD1CEE1CFF1CFA9594
:103DF000D1F7C02AD12AE22AF32ACD82DE82EF82CD
:103E0000F88609891A892B893C8989A49AA4ABA4CC
:103E1000BCA4082519252A253B25ADA4BEA4CFA402
:103E2000D8A80A251B252C253D252996CCACDDAC30
:103E3000EEACFFAC29970C251D252E253F2548010A
:103E40005901880C991CAA1CBB1C811C898A9A8A5E
:103E5000AB8ABC8A0D811E812F813885082B192BD6
:103E60002A2B3B2BA980BA80CB80DC800A211B2126
:103E70002C213D21CD80DE80EF80F884C822D9221C
:103E8000EA22FB220C291D292E293F29C988DA881C
:103E9000EB88FC88E4E2CE1AE3E4DE0AE4EEEE0A04
:103EA000E0E7FE0AC40ED51EE61EF71EC00ED11EA8
:103EB000E21EF31E5301420115E0880C991CAA1C56
:103EC000BB1C1A95D1F7B301A2010BE1769567955A
:103ED000579547950A95D1F7842A952AA62AB72A95
:103EE000C80CD91CEA1CFB1CAC01BD0122E0769574
:103EF0006795579547952A95D1F74C015D013EE1AD
:103F0000880C991CAA1CBB1C3A95D1F7842A952AC7
:103F1000A62AB72A89869A86AB86BC860D8D1E8D09
:103F20002F8D38A149A15AA16BA17CA10427152787
:103F30002627372725966CAD7DAD8EAD9FAD259795
:103F400006271727282739272D968CAD9DADAEADB6
:103F5000BFAD2D97082719272A273B27480159016C
:103F6000880C991CAA1CBB1C811C8D8E9E8EAF8E4A
:103F7000B8A249855A856B857C85442955296629CF
:103F800077290D811E812F8138854023512362239B
:103F9000732309851A852B853C850421152126214B
:103FA0003721402B512B622B732B95018401045236
:103FB0001344244E304789819A81AB81BC81080F1C
:103FC000191F2A1F3B1F040F151F261F371FD7015C
:103FD000C60145E0880F991FAA1FBB1F4A95D1F75C
:103FE000460157015BE1B694A794979487945A953C
:103FF000D1F788299929AA29BB29080F191F2A1F37
:104000003B1FD301C20162E0B695A79597958795AE
:104010006A95D1F7B301A201EEE1440F551F661F67
:10402000771FEA95D1F7482B592B6A2B7B2B89A553
:104030009AA5ABA5BCA54DA05EA06FA078A48425D1
:104040009525A625B7256D887E888F88988C86252E
:104050009725A825B9258D849E84AF84B8888825A6
:104060009925AA25BB252C013D01440C551C661C35
:10407000771C411C49A65AA66BA67CA626013701CF
:10408000442A552A662A772A89849A84AB84BC8478
:10409000482059206A207B2046015701842295221E
:1040A000A622B722482859286A287B2889A49AA4DE
:1040B000ABA4BCA484E2881A83E4980A84EEA80A1C
:1040C00080E7B80A8D819E81AF81B885880E991EE0
:1040D000AA1EBB1E840C951CA61CB71C2801390106
:1040E000F5E0440C551C661C771CFA95D1F7D901F4
:1040F000C801EBE1B695A79597958795EA95D1F715
:1041000084299529A629B729880E991EAA1EBB1EA7
:10411000D701C601F2E0B695A79597958795FA95D0
:10412000D1F726013701EEE1440C551C661C771CC3
:10413000EA95D1F7482A592A6A2A7B2A49825A8263
:104140006B827C8289A19AA1ABA1BCA1C9ACDAAC7B
:10415000EBACFCAC8C259D25AE25BF25498C5A8C3B
:104160006B8C7C8C84259525A625B725C988DA8893
:10417000EB88FC888C259D25AE25BF252C013D01B3
:10418000440C551C661C771C411C49A25AA26BA208
:104190007CA2C980DA80EB80FC80C02AD12AE22A86
:1041A000F32AC422D522E622F72289819A81AB81A3
:1041B000BC8180239123A223B323C82AD92AEA2AC7
:1041C000FB2AD301C20184529344A44EB0474984D0
:1041D0005A846B847C84840D951DA61DB71D8C0D9F
:1041E0009D1DAE1DBF1D75016401F5E0CC0CDD1CED
:1041F000EE1CFF1CFA95D1F724013501EBE1769412
:10420000679457944794EA95D1F7C428D528E628AF
:10421000F7288C0D9D1DAE1DBF1D68017901F2E0D0
:10422000F694E794D794C794FA95D1F72801390109
:104230001EE1440C551C661C771C1A95D1F74C28BE
:104240005D286E287F284D825E826F8278860DA160
:104250001EA12FA138A52196CCACDDACEEACFFACF5
:1042600021970C251D252E253F2549A85AA86BA866
:104270007CA80425152526253725CD8CDE8CEF8CD2
:10428000F8A00C251D252E253F2528013901440CB9
:10429000551C661C771C411C4DA25EA26FA278A61D
:1042A0000D811E812F813885082919292A293B294A
:1042B000C980DA80EB80FC800C211D212E213F215A
:1042C0004D805E806F807884482059206A207B2052
:1042D00004291529262937294DA05EA06FA078A4AE
:1042E000E4E24E1AE3E45E0AE4EE6E0AE0E77E0AD8
:1042F000440E551E661E771E400E511E621E731E12
:104300008C019D0145E0000F111F221F331F4A95AC
:10431000D1F7AC01BD01EBE17695679557954795CF
:10432000EA95D1F7042B152B262B372B400E511E67
:10433000621E731EB501A401F2E07695679557954C
:104340004795FA95D1F7750164011EE1CC0CDD1C8F
:10435000EE1CFF1C1A95D1F7C42AD52AE62AF72AA3
:10436000C986DA86EB86FC8649AD5AAD6BAD7CAD6D
:10437000EDA8FEA80FA918AD4E255F25602771276F
:1043800029960CAD1DAD2EAD3FAD29974027512785
:104390006227732789A49AA4ABA4BCA448255925F5
:1043A0006A257B255A016B01AA0CBB1CCC1CDD1CA9
:1043B000A11CA9AEBAAECBAEDCAE09851A852B85A1
:1043C0003C85082B192B2A2B3B2BCD80DE80EF80E0
:1043D000F8840C211D212E213F21C984DA84EB842D
:1043E000FC84C822D922EA22FB220C291D292E296D
:1043F0003F29C9ACDAACEBACFCAC44E2C41A43E4F0
:10440000D40A44EEE40A40E7F40A89809A80AB803B
:10441000BC80C80CD91CEA1CFB1CC00ED11EE21EBD
:10442000F31E5301420105E0880C991CAA1CBB1C19
:104430000A95D1F7B301A2012BE1769567955795BF
:1044400047952A95D1F7842A952AA62AB72AC80C17
:10445000D91CEA1CFB1CAC01BD0132E076956795C6
:10446000579547953A95D1F78C019D01EEE1000FE4
:10447000111F221F331FEA95D1F7042B152B262B72
:10448000372B09831A832B833C8321968CAD9DADFA
:10449000AEADBFAD21972DA53EA54FA558A982274A
:1044A0009327A427B5272D964CAD5DAD6EAD7FAD9E
:1044B0002D9784279527A627B72789A09AA0ABA078
:1044C000BCA088259925AA25BB258C019D01000F3C
:1044D000111F221F331F011D21960CAF1DAF2EAFE0
:1044E0003FAF219749815A816B817C8144295529AD
:1044F0006629772989859A85AB85BC854823592308
:104500006A237B2389809A80AB80BC80842095209D
:10451000A620B720842A952AA62AB72A0452134433
:10452000244E30474D815E816F817885040F151FC1
:10453000261F371F800E911EA21EB31EB701A601B3
:10454000F5E0440F551F661F771FFA95D1F79701C5
:104550008601ABE13695279517950795AA95D1F772
:10456000042B152B262B372B080D191D2A1D3B1D3F
:10457000D301C20142E0B695A795979587954A95D4
:10458000D1F7530142015EE1880C991CAA1CBB1CA7
:104590005A95D1F7882A992AAA2ABB2A8D829E8207
:1045A000AF82B8864DA95EA96FA978AD25968CAD6E
:1045B0009DADAEADBFAD2597482759276A277B270C
:1045C0004D845E846F84788844255525662577253B
:1045D0006DA07EA08FA098A4462557256825792533
:1045E0004A015B01880C991CAA1CBB1C811C8DAA6A
:1045F0009EAAAFAAB8AE4D815E816F8178854C29A5
:104600005D296E297F2989819A81AB81BC814823EC
:1046100059236A237B238D809E80AF80B8848C20B1
:104620009D20AE20BF20482959296A297B298DA8C1
:104630009EA8AFA8B8AC94E2891A93E4990A94EEC4
:10464000A90A90E7B90A49845A846B847C84840C53
:10465000951CA61CB71C840E951EA61EB71ED9015C
:10466000C80165E0880F991FAA1FBB1F6A95D1F783
:10467000280139017BE176946794579447947A95A1
:10468000D1F784299529A629B729880D991DAA1D36
:10469000BB1DB701A601E2E0769567955795479552
:1046A000EA95D1F736014701FEE1660C771C881CBC
:1046B000991CFA95D1F7642A752A862A972A698661
:1046C0007A868B869C864DA55EA56FA578A98D8878
:1046D0009E88AF88B88C482559256A257B25A988EE
:1046E000BA88CB88DC884A255B256C257D25C9AC3A
:1046F000DAACEBACFCAC4C255D256E257F252A01A0
:104700003B01440C551C661C771C411C4DA65EA643
:104710006FA678AA89849A84AB84BC84802A912A63
:10472000A22AB32ACD80DE80EF80F8848C209D20E1
:10473000AE20BF2049845A846B847C84402251225D
:104740006222732284289528A628B7284DA45EA447
:104750006FA478A844E2441A43E4540A44EE640A7D
:1047600040E7740AC980DA80EB80FC804C0C5D1C49
:104770006E1C7F1C480C591C6A1C7B1CAC01BD01C3
:10478000E5E0440F551F661F771FEA95D1F76C01CE
:104790007D01FBE1F694E794D794C794FA95D1F79D
:1047A0004C295D296E297F29440D551D661D771DF5
:1047B00068017901E2E0F694E794D794C794EA950A
:1047C000D1F728013901FEE1440C551C661C771C09
:1047D000FA95D1F74C285D286E287F2849825A82A5
:1047E0006B827C8225960CAD1DAD2EAD3FAD25971D
:1047F000698C7A8C8B8C9C8C06251725282539256D
:104800008D8C9E8CAF8CB8A0082519252A253B25B8
:104810002196ACACBDACCEACDFAC21970A251B25F4
:104820002C253D2568017901CC0CDD1CEE1CFF1CFC
:10483000C11C2596CCAEDDAEEEAEFFAE25978980CD
:104840009A80AB80BC80882A992AAA2ABB2AE9844C
:10485000FA840B851C858E209F20A022B1224980DE
:104860005A806B807C80482259226A227B228428CD
:104870009528A628B72825964CAC5DAC6EAC7FACCD
:10488000259704E2401A03E4500A04EE600A00E7A8
:10489000700ACD80DE80EF80F8844C0C5D1C6E1CAD
:1048A0007F1C480C591C6A1C7B1C6A017B0115E0AB
:1048B000CC0CDD1CEE1CFF1C1A95D1F78A019B0164
:1048C000EBE13695279517950795EA95D1F7C02A1C
:1048D000D12AE22AF32AC40CD51CE61CF71C8C0151
:1048E0009D01F2E03695279517950795FA95D1F732
:1048F000EEE1880F991FAA1FBB1FEA95D1F7802B05
:10490000912BA22BB32B0D891E892F89388D49A895
:104910005AA86BA87CA8042515252625372569A447
:104920007AA48BA49CA406251725282539258DA8B3
:104930009EA8AFA8B8AC082519252A253B25280133
:104940003901440C551C661C771C411C4D825E824B
:104950006F8278868A019B01082B192B2A2B3B2B0F
:1049600069807A808B809C8006211721282139213B
:104970004A015B0188229922AA22BB22802A912A1D
:10498000A22AB32A4D805E806F80788404E2401AA8
:1049900003E4500A04EE600A00E7700A09851A85EC
:1049A0002B853C85400E511E621E731E840C951C87
:1049B000A61CB71C97018601F5E0000F111F221FEE
:1049C000331FFA95D1F726013701EBE1769467940E
:1049D00057944794EA95D1F70429152926293729B0
:1049E000800E911EA21EB31E8A019B01F2E0369535
:1049F000279517950795FA95D1F72A013B014EE1C6
:104A0000440C551C661C771C4A95D1F7402A512A44
:104A1000622A732A4D8A5E8A6F8A788E498D5A8DF2
:104A20006B8D7C8D29960CAD1DAD2EAD3FAD2997BC
:104A3000402751276227732749A05AA06BA07CA06A
:104A400044255525662577250DA51EA52FA538A932
:104A500040275127622773272A013B01440C551C2C
:104A6000661C771C411C49865A866B867C864D885D
:104A70005E886F88788C482659266A267B264C24C7
:104A80005D246E247F2409851A852B853C850A5276
:104A90001E432D49354349815A816B817C81040F26
:104AA000151F261F371F040D151D261D371DB501A7
:104AB000A401E5E0440F551F661F771FEA95D1F763
:104AC00024013501FBE17694679457944794FA9555
:104AD000D1F74429552966297729040F151F261F68
:104AE000371FB701A601E2E0769567955795479580
:104AF000EA95D1F726013701FEE1440C551C661CEE
:104B0000771CFA95D1F7442A552A662A772A49A9AB
:104B10005AA96BA97CA92D96CCACDDACEEACFFAC50
:104B20002D974C255D256E257F25CDA0DEA0EFA01D
:104B3000F8A44C255D256E257F252596CCACDDACF3
:104B4000EEACFFAC25974C255D256E257F256A01CF
:104B50007B01CC0CDD1CEE1CFF1CC11CC982DA825F
:104B6000EB82FC824D895E896F89788D44255525BD
:104B700066257725482559256A257B25EAE2CE1A40
:104B8000EEE3DE0AEDE9EE0AE5E3FE0A8C0D9D1D7B
:104B9000AE1DBF1D840F951FA61FB71F68017901A9
:104BA00045E0CC0CDD1CEE1CFF1C4A95D1F7B90189
:104BB000A801EBE17695679557954795EA95D1F76A
:104BC000C42AD52AE62AF72A8C0D9D1DAE1DBF1DCD
:104BD000B501A401F2E07695679557954795FA954A
:104BE000D1F775016401EEE1CC0CDD1CEE1CFF1C5D
:104BF000EA95D1F7C42AD52AE62AF72AC98EDA8E91
:104C0000EB8EFC8E2996CCACDDACEEACFFAC2997DC
:104C10004D855E856F857889C426D526E626F726DC
:104C200089AC9AACABACBCACC824D924EA24FB2434
:104C30004D815E816F817885C426D526E626F726CC
:104C400046015701880C991CAA1CBB1C811C299683
:104C50008CAE9DAEAEAEBFAE2997C98CDA8CEB8C14
:104C6000FC8CC424D524E624F724C026D126E226D1
:104C7000F326B501A4014A525E436D4975438D8800
:104C80009E88AF88B88C480D591D6A1D7B1D4C0D40
:104C90005D1D6E1D7F1D4C015D01F5E0880C991CAA
:104CA000AA1CBB1CFA95D1F76C017D01EBE1F694CF
:104CB000E794D794C794EA95D1F78C289D28AE281D
:104CC000BF28480D591D6A1D7B1D68017901F2E05E
:104CD000F694E794D794C794FA95D1F7480159010F
:104CE0001EE1880C991CAA1CBB1C1A95D1F78C28B4
:104CF0009D28AE28BF288D8A9E8AAF8AB88E2D96B1
:104D00000CAD1DAD2EAD3FAD2D97A988BA88CB88CF
:104D1000DC880A251B252C253D252196CCACDDAC55
:104D2000EEACFFAC21970C251D252E253F2589844F
:104D30009A84AB84BC84082519252A253B25580173
:104D40006901AA0CBB1CCC1CDD1CA11C2D96ACAEB1
:104D5000BDAECEAEDFAE2D97898C9A8CAB8CBC8C61
:104D6000CD88DE88EF88F88C8C249D24AE24BF2467
:104D700088269926AA26BB262D96CCACDDACEEACB7
:104D8000FFAC2D970AE2C01A0EE3D00A0DE9E00A43
:104D900005E3F00AC40CD51CE61CF71CC80CD91C92
:104DA000EA1CFB1C8A019B01E5E0000F111F221F7A
:104DB000331FEA95D1F72A013B01FBE17694679412
:104DC00057944794FA95D1F70429152926293729AC
:104DD000C00ED11EE21EF31E8C019D01E2E036954D
:104DE000279517950795EA95D1F72C013D01FEE12E
:104DF000440C551C661C771CFA95D1F7402A512AA1
:104E0000622A732A49AA5AAA6BAA7CAA8D859E8512
:104E1000AF85B8896D8C7E8C8F8C98A08625972560
:104E2000A825B9258DA89EA8AFA8B8AC8825992536
:104E3000AA25BB2509811A812B813C8180279127D6
:104E4000A227B3272C013D01440C551C661C771C7E
:104E5000411C61964CAE5DAE6EAE7FAE61978D89A2
:104E60009E89AF89B88D69A87AA88BA89CA8862549
:104E70009725A825B92584279527A627B7276196C2
:104E80008CAC9DACAEACBFAC61970AE2801A0EE36D
:104E9000900A0DE9A00A05E3B00A498C5A8C6B8C84
:104EA0007C8C840C951CA61CB71C880E991EAA1E0F
:104EB000BB1ED701C60115E0880F991FAA1FBB1F93
:104EC0001A95D1F7260137010BE176946794579430
:104ED00047940A95D1F784299529A629B729880EE0
:104EE000991EAA1EBB1EDB01CA0122E0B695A7953A
:104EF000979587952A95D1F78A019B014EE1000F7E
:104F0000111F221F331F4A95D1F7082B192B2A2B6B
:104F10003B2B0D871E872F87388B89899A89AB8910
:104F2000BC8929A53AA54BA55CA582279327A42770
:104F3000B5274DA55EA56FA578A984279527A62737
:104F4000B72729964CAC5DAC6EAC7FAC2997842515
:104F50009525A625B7258C019D01000F111F221F45
:104F6000331F011D098F1A8F2B8F3C8F89A99AA996
:104F7000ABA9BCA92D853E854F85588982279327EB
:104F8000A427B5278C259D25AE25BF25098D1A8D13
:104F90002B8D3C8D0A521E432D4935434D895E8928
:104FA0006F89788D040F151F261F371F800F911FE3
:104FB000A21FB31FB501A401E5E0440F551F661FF2
:104FC000771FEA95D1F724013501FBE176946794C8
:104FD00057944794FA95D1F744295529662977299A
:104FE0008A019B01080F191F2A1F3B1FD701C60109
:104FF00042E0B695A795979587954A95D1F72601F2
:1050000037015EE1440C551C661C771C5A95D1F79C
:10501000482A592A6A2A7B2A498A5A8A6B8A7C8AB0
:105020004D8C5E8C6F8C78A0C9A0DAA0EBA0FCA0A0
:105030004C245D246E247F2425964CAD5DAD6EAD71
:105040007FAD259744265526662677262D966CAD8E
:105050007DAD8EAD9FAD2D974626572668267926C5
:10506000D301C201880F991FAA1FBB1F811D8D8B01
:105070009E8BAF8BB88F4D845E846F847888C9888F
:10508000DA88EB88FC884C245D246E247F24482435
:1050900059246A247B248A529E43AD49B54349A9C9
:1050A0005AA96BA97CA9840F951FA61FB71F840D51
:1050B000951DA61DB71D6801790165E0CC0CDD1CAE
:1050C000EE1CFF1C6A95D1F7B901A801EBE17695BA
:1050D000679557954795EA95D1F7C42AD52AE62AC8
:1050E000F72A8C0D9D1DAE1DBF1DB501A401F2E078
:1050F0007695679557954795FA95D1F775016401AF
:10510000EEE1CC0CDD1CEE1CFF1CEA95D1F7C42AA5
:10511000D52AE62AF72A49A55AA56BA57CA54DA054
:105120005EA06FA078A444255525662577256D805F
:105130007E808F809884462557256825792561963D
:105140008CAC9DACAEACBFAC6197482559256A25A7
:105150007B252A013B01440C551C661C771C411C15
:105160004D8E5E8E6F8E78A249885A886B887C88B7
:105170004C245D246E247F2440265126622673260B
:105180004D8D5E8D6F8D78A14A525E436D4975439A
:105190008D849E84AF84B888480D591D6A1D7B1D7F
:1051A000440D551D661D771D2C013D01F5E0440C95
:1051B000551C661C771CFA95D1F74C015D01EBE19B
:1051C000B694A79497948794EA95D1F748285928DC
:1051D0006A287B28440D551D661D771D480159011D
:1051E000F2E0B694A79497948794FA95D1F72801A2
:1051F00039011EE1440C551C661C771C1A95D1F729
:10520000482859286A287B284D865E866F86788ACA
:1052100009A11AA12BA13CA169AC7AAC8BAC9CACC6
:10522000062517252825392589849A84AB84BC84D2
:10523000082519252A253B25498C5A8C6B8C7C8C9A
:10524000042515252625372538014901660C771CCC
:10525000881C991C611C69A27AA28BA29CA28D84D5
:105260009E84AF84B8888C249D24AE24BF248826D5
:105270009926AA26BB2649A05AA06BA07CA00AE2C8
:10528000401A0EE3500A0DE9600A05E3700A098925
:105290001A892B893C89400E511E621E731E480CD0
:1052A000591C6A1C7B1C8A019B01E5E0000F111F41
:1052B000221F331FEA95D1F74A015B01FBE1B69447
:1052C000A79497948794FA95D1F7082919292A2940
:1052D0003B29400E511E621E731E8C019D01E2E0AF
:1052E0003695279517950795EA95D1F74C015D01FD
:1052F000FEE1880C991CAA1CBB1CFA95D1F7802AE8
:10530000912AA22AB32A898A9A8AAB8ABC8A0DA1D9
:105310001EA12FA138A521968CAD9DADAEADBFAD20
:105320002197082719272A273B2789809A80AB8055
:10533000BC80082519252A253B258D899E89AF89A2
:10534000B88D082719272A273B2748015901880CBF
:10535000991CAA1CBB1C811C8DA29EA2AFA2B8A640
:105360000D851E852F85388989899A89AB89BC89E5
:10537000082719272A273B270427152726273727F9
:105380009AE2891A9EE3990A9DE9A90A95E3B90A66
:105390008C0C9D1CAE1CBF1C800E911EA21EB31E49
:1053A000D301C20115E0880F991FAA1FBB1F1A95D0
:1053B000D1F7730162010BE1F694E794D794C79497
:1053C0000A95D1F78C299D29AE29BF29880E991EEF
:1053D000AA1EBB1EDB01CA0122E0B695A7959795D0
:1053E00087952A95D1F76A017B013EE1CC0CDD1C43
:1053F000EE1CFF1C3A95D1F7C82AD92AEA2AFB2AC3
:1054000049AD5AAD6BAD7CAD0DA91EA92FA938AD24
:10541000402751276227732729968CAD9DADAEADED
:10542000BFAD2997482759276A277B270D8D1E8DE9
:105430002F8D38A14027512762277327DB01CA012E
:10544000880F991FAA1FBB1F811D89AF9AAFABAFF1
:10545000BCAF89899A89AB89BC898C259D25AE25ED
:10546000BF2584259525A625B72509AD1AAD2BADF9
:105470003CAD0A521E432D4935434D855E856F85EF
:105480007889040F151F261F371F800F911FA21F39
:10549000B31FB501A401E5E0440F551F661F771F38
:1054A000EA95D1F795018401FBE13695279517958B
:1054B0000795FA95D1F7402B512B622B732B8A015C
:1054C0009B01080F191F2A1F3B1FD301C20142E095
:1054D000B695A795979587954A95D1F7B301A201FF
:1054E000EEE1440F551F661F771FEA95D1F7482B51
:1054F000592B6A2B7B2B4D875E876F87788B219684
:105500008CAD9DADAEADBFAD21974DA45EA46FA493
:1055100078A884259525A625B7252D964CAD5DAD9B
:105520006EAD7FAD2D9784279527A627B72749A075
:105530005AA06BA07CA084259525A625B725AC0193
:10554000BD01440F551F661F771F411D21964CAFAB
:105550005DAF6EAF7FAF21974D845E846F84788896
:105560004C245D246E247F24482459246A247B24FF
:10557000DB01CA018A529E43AD49B54349895A8924
:105580006B897C89840F951FA61FB71F840D951DFD
:10559000A61DB71D28013901F5E0440C551C661CF9
:1055A000771CFA95D1F7B901A801EBE176956795DB
:1055B00057954795EA95D1F7442A552A662A772ABE
:1055C000840D951DA61DB71DB501A401F2E07695C9
:1055D000679557954795FA95D1F724013501EEE186
:1055E000440C551C661C771CEA95D1F7442A552AB1
:1055F000662A772A498A5A8A6B8A7C8A4DA95EA9CB
:105600006FA978AD25966CAC7DAC8EAC9FAC259720
:10561000462557256825792561968CAC9DACAEACA6
:10562000BFAC6197482559256A257B254DA05EA012
:105630006FA078A444255525662577253A014B01AE
:10564000660C771C881C991C611C6DAA7EAA8FAA07
:1056500098AE4D845E846F84788889889A88AB88F8
:10566000BC88482459246A247B244026512662267B
:1056700073264DA95EA96FA978AD4A525E436D4964
:1056800075434C0D5D1D6E1D7F1D440D551D661D22
:10569000771D2C013D01F5E0440C551C661C771C60
:1056A000FA95D1F74C015D01EBE1B694A79497947C
:1056B0008794EA95D1F784289528A628B728840EE0
:1056C000951EA61EB71EB901A801F2E07695679552
:1056D00057954795FA95D1F7680179011EE1CC0CF1
:1056E000DD1CEE1CFF1C1A95D1F7C42AD52AE62A28
:1056F000F72AC9A6DAA6EBA6FCA64DA55EA56FA55E
:1057000078A9ED80FE800F8118854E255F256027E2
:105710007127098D1A8D2B8D3C8D402751276227CB
:10572000732749AC5AAC6BAC7CAC44255525662537
:1057300077256A017B01CC0CDD1CEE1CFF1CC11C13
:10574000CDA6DEA6EFA6F8AA49895A896B897C897D
:10575000E9A4FAA40BA51CA54E255F256027712797
:10576000482759276A277B274DA45EA46FA478A8F1
:105770000AE2401A0EE3500A0DE9600A05E3700AD6
:10578000CD84DE84EF84F8884C0C5D1C6E1C7F1C7D
:10579000440E551E661E771E7501640105E0CC0C93
:1057A000DD1CEE1CFF1C0A95D1F7950184014BE12D
:1057B00036952795179507954A95D1F7C02AD12A8E
:1057C000E22AF32AC40CD51CE61CF71CAC01BD016F
:1057D000E2E07695679557954795EA95D1F78C0164
:1057E0009D01FEE1000F111F221F331FFA95D1F713
:1057F000042B152B262B372B0D871E872F87388BD5
:1058000025960CAD1DAD2EAD3FAD259749855A852A
:105810006B857C8504271527262737276D897E8988
:105820008F89988D062717272827392721968CAD31
:105830009DADAEADBFAD2197082719272A273B277D
:1058400028013901440C551C661C771C411C259607
:105850004CAE5DAE6EAE7FAE259749A55AA56BA541
:105860007CA50D851E852F85388940275127622705
:105870007327482559256A257B251AE2411A1EE31C
:10588000510A1DE9610A15E3710A89899A89AB8970
:10589000BC89480E591E6A1E7B1E440E551E661E8C
:1058A000771ED701C60115E0880F991FAA1FBB1FDD
:1058B0001A95D1F7B701A6010BE176956795579533
:1058C00047950A95D1F7842B952BA62BB72B840DE2
:1058D000951DA61DB71DB501A40122E0769567951B
:1058E000579547952A95D1F73EE1880C991CAA1C3B
:1058F000BB1C3A95D1F7842A952AA62AB72A4D814E
:105900005E816F81788549805A806B807C804425D8
:105910005525662577250D8D1E8D2F8D38A14027A5
:105920005127622773274DA85EA86FA878AC44253D
:105930005525662577258A019B01000F111F221F1F
:10594000331F011D098B1A8B2B8B3C8B4D855E857C
:105950006F857889482559256A257B254C255D2545
:105960006E257F250A521E432D49354349A45AA46A
:105970006BA47CA4040D151D261D371D040F151FD7
:10598000261F371F2C013D0145E0440C551C661CA9
:10599000771C4A95D1F7AC01BD01EBE1769567958F
:1059A00057954795EA95D1F7442A552A662A772ACA
:1059B000400E511E621E731EB701A601F2E07695DD
:1059C000679557954795FA95D1F797018601EEE1CE
:1059D000000F111F221F331FEA95D1F7042B152B3F
:1059E000262B372B0D831E832F83388749855A85B5
:1059F0006B857C852996CCACDDACEEACFFAC2997F1
:105A00004C255D256E257F25E9A0FAA00BA11CA1E0
:105A10004E255F25602771270DA51EA52FA538A946
:105A200040275127622773276A017B01CC0CDD1CBC
:105A3000EE1CFF1CC11CC9A6DAA6EBA6FCA64D8174
:105A40005E816F817885482559256A257B25482701
:105A500059276A277B27970186010A521E432D4941
:105A60003543CD84DE84EF84F8880C0D1D1D2E1D7A
:105A70003F1D040F151F261F371FB301A201F5E0BC
:105A8000440F551F661F771FFA95D1F77301620106
:105A9000EBE1F694E794D794C794EA95D1F74C29B3
:105AA0005D296E297F29400F511F621F731F8C01D2
:105AB0009D01F2E03695279517950795FA95D1F750
:105AC0006C017D01AEE1CC0CDD1CEE1CFF1CAA9527
:105AD000D1F7C02AD12AE22AF32AC986DA86EB86D0
:105AE000FC8609811A812B813C812D968CAD9DAD60
:105AF000AEADBFAD2D97082719272A273B27CDA08C
:105B0000DEA0EFA0F8A40C251D252E253F25259607
:105B10008CAD9DADAEADBFAD2597082719272A27BF
:105B20003B27000F111F221F331F011D0A521E4366
:105B30002D493543800E911EA21EB31E0D811E817C
:105B40002F813885C984DA84EB84FC840C251D25DB
:105B50002E253F250425152526253725800E911E47
:105B6000A21EB31E8A019B01B5E0000F111F221F68
:105B7000331FBA95D1F7DB01CA01EBE1B695A795C2
:105B800097958795EA95D1F7802B912BA22BB32B74
:105B90008C019D01080D191D2A1D3B1DD301C20159
:105BA000F2E0B695A79597958795FA95D1F7EEE12E
:105BB000440C551C661C771CEA95D1F7482A592AD3
:105BC0006A2A7B2A2996CCACDDACEEACFFAC2997D7
:105BD00061968CAD9DADAEADBFAD6197C826D9269F
:105BE000EA26FB2689AC9AACABACBCACC824D92461
:105BF000EA24FB2489899A89AB89BC89C826D926DD
:105C0000EA26FB26CC0CDD1CEE1CFF1CC11C9AE214
:105C1000C91A9EE3D90A9DE9E90A95E3F90A8D803C
:105C20009E80AF80B884C80CD91CEA1CFB1C8985F7
:105C30009A85AB85BC8584259525A625B72584271F
:105C40009527A627B7278C0D9D1DAE1DBF1D68018A
:105C50007901F5E0CC0CDD1CEE1CFF1CFA95D1F7A8
:105C600048015901EBE1B694A79497948794EA957B
:105C7000D1F7C828D928EA28FB28C80ED91EEA1E61
:105C8000FB1EDB01CA01F2E0B695A79597958795B3
:105C9000FA95D1F7EEE1440F551F661F771FEA957D
:105CA000D1F7482B592B6A2B7B2B2D968CAD9DADB4
:105CB000AEADBFAD2D97898C9A8CAB8CBC8C8825F2
:105CC0009925AA25BB2521968CAC9DACAEACBFAC6A
:105CD000219788259925AA25BB2589A49AA4ABA438
:105CE000BCA488259925AA25BB25880F991FAA1F22
:105CF000BB1F811D65968CAC9DACAEACBFAC6597EF
:105D0000EAE28E1AEEE39E0AEDE9AE0AE5E3BE0A88
:105D1000880D991DAA1DBB1D89849A84AB84BC84FF
:105D2000880E991EAA1EBB1E89829A82AB82BC82F3
:105D30005301420184269526A626B7268026912661
:105D4000A226B32689819A81AB81BC81880D991DD9
:105D5000AA1DBB1D8D839E83AF83B8874601570163
:105D6000F5E0880C991CAA1CBB1CFA95D1F7D70149
:105D7000C601EBE1B695A79597958795EA95D1F77A
:105D8000882A992AAA2ABB2A8D819E81AF81B8854B
:105D9000880D991DAA1DBB1DA796EEADFFADA79757
:105DA00080839183A283B3836D968CAC9DACAEACA3
:105DB000BFAC6D97C80CD91CEA1CFB1CC482D582F1
:105DC000E682F782D901C801B695A7959795879580
:105DD000B695A795979587950F2EFEE1000F111F99
:105DE000221F331FFA95D1F7F02D802B912BA22B78
:105DF000B32B69960CAD1DAD2EAD3FAD6997080F65
:105E0000191F2A1F3B1F0087118722873387A196FE
:105E10008CAC9DACAEACBFACA197480D591D6A1DB2
:105E20007B1D4487558766877787A5968CAD9DAD8A
:105E3000AEADBFADA597840D951DA61DB71D808B7A
:105E4000918BA28BB38BC659DF4F0FB6F894DEBF90
:105E50000FBECDBFDF91CF911F910F91FF90EF90BB
:105E6000DF90CF90BF90AF909F908F907F906F907A
:105E70005F904F903F902F9008950F931F93CF9373
:105E8000DF93FB01A381B481109731F480E0DF91AF
:105E9000CF911F910F910895EB018C01ED91FC9131
:105EA00011970688F789E02DCD01199529813A814E
:105EB000882321F0232B69F081E0E9CF232B49F0DF
:105EC000D801ED91FC910190F081E02DBE01C80157
:105ED00019958B819C81892BC9F2D801ED91FC9198
:105EE0000190F081E02DBE01C8011995CFCF0F932D
:105EF0001F93CF93DF93D901980163E070E04130A5
:105F0000510539F064E070E04230510511F070E065
:105F100060E0EC01E881F9810680F781E02DAD01B8
:105F2000DF91CF911F910F911994CF93DF93DB01F4
:105F3000BA01EC01EBA9FCA9309729F0A901CD0128
:105F4000DF91CF911994DF91CF910895FC0176876D
:105F500065870895DC01ED91FC9102A0F3A1E02D8D
:105F6000199591E089270895862F089581E0862765
:105F7000089521E0FC018485883008F020E0822F1C
:105F8000089508952F923F924F925F926F927F9261
:105F90008F929F92AF92BF92CF92DF92EF92FF9239
:105FA0000F931F93CF93DF931C016A017B0128019C
:105FB0003901FC01C281D38188809980AA80BB808D
:105FC000A9019801C501B4010E94D2AE18166CF562
:105FD000488259826A827B82F10186A097A0A0A4A0
:105FE000B1A4C6A8D7A8E0ACF1ACA7019601C50141
:105FF000B4010E94D2AEF101181624F5C6A2D7A2B0
:10600000E0A6F1A6DF91CF911F910F91FF90EF9045
:10601000DF90CF90BF90AF909F908F907F906F90C8
:106020005F904F903F902F900895A7019601C50172
:10603000B4010E9407AC87FFCFCFC882D982EA8221
:10604000FB82CACFC2A8D3A8E4A8F5A8A7019601ED
:10605000C501B4010E9407AC87FFD4CFF101CECFB8
:106060000F931F93CF93DF93EC018B018AAD8823AD
:1060700061F18E8D9F8D8617970739F12A893B89AB
:106080004C895D8960E070E0CB010E94BDAD6A8BF8
:106090007B8B8C8B9D8B2E893F89488D598D60E041
:1060A00070E0CB010E94BDAD6E8B7F8B888F998F86
:1060B0002A8D3B8D4C8D5D8D60E070E0CB010E94A0
:1060C000BDAD6A8F7B8F8C8F9D8F1F8F0E8FDF9161
:1060D000CF911F910F9108958F929F92AF92BF928F
:1060E000CF92DF92EF92FF92CF93DF93EC01EA81A0
:1060F000FB81C080D180E280F380CEA2DFA2E8A63F
:10610000F9A6E881F98180819181A281B3818AA772
:106110009BA7ACA7BDA78EA89FA8A8ACB9ACA501AA
:106120009401C701B6010E94D2AE18162CF48EA2BB
:106130009FA2A8A6B9A60CC08AA89BA8ACA8BDA877
:10614000A5019401C701B6010E9407AC87FDEFCFFE
:10615000DF91CF91FF90EF90DF90CF90BF90AF9005
:106160009F908F9008956F3FB1F0E62FE295EF700A
:1061700044E0E49F90011124DC01ED91FC91E20FD9
:10618000F31F6F70B8E06B9FC001112462817381AF
:10619000860F971F089590E080E00895CF93C82F51
:1061A000CB016C2F45960E94B3302FEF009711F072
:1061B000FC012581BC018C2F922FCF910895FC0109
:1061C000A281B3818081918130E020E0A817B907D6
:1061D00038F4CD010196938382836C9321E030E003
:1061E00084819581820F931F9583848308952F92D4
:1061F0003F924F925F926F927F928F929F92AF9257
:10620000BF92CF92DF92EF92FF920F931F93CF93A3
:10621000DF9300D000D0CDB7DEB71C014A015B018F
:1062200086E0D1011A968C9320E836E948E15BE4D8
:10623000CB01B4010E94D2AE87FD84C004E110E01E
:1062400060E2462E512C1E821D82F801E75BFA4F58
:106250002591359145915491C501B4010E94D2AE6A
:1062600087FD13C0F801EF5CFA4F259135914591F8
:106270005491C501B4010E946DAC4B015C01ED81EC
:10628000FE81E40DF51DFE83ED8355944794045083
:1062900011090C3FFFEF1F07C1F677247A9420E025
:1062A00030E0A901C501B4010E94D2AE18160CF06D
:1062B00051C02CEA35EC47E257E3C501B4010E9416
:1062C00007AC18160CF446C0272D34E023028001D9
:1062D0001124F12CE12CC8018F5C9A4F6C01075BF3
:1062E0001A4F9FEF791609F435C0F601EE0DFF1D28
:1062F000659175918591949120E030E040E251E400
:106300000E946DACA50194010E94D2AE18169CF4B7
:10631000F801EE0DFF1D2591359145915491C50170
:10632000B4010E946DAC4B015C01AD81BE81A4192A
:10633000B509BE83AD83559447947A94B4E0EB1AC3
:10634000F108CFCF30E2432E512C45E0742E1E824F
:106350001D82A5CF2D813E81F10131872087C501A6
:10636000B4010E94A3AE69837A838B839C83D1019D
:106370006D937D938D939C9313972B013C0190E437
:10638000C92E92E4D92E9FE0E92EF12CBAE04B16EB
:10639000510461047104C8F0C701B6012AE030E07D
:1063A00040E050E00E948CAD69017A01F1018285E4
:1063B00081508287C301B2012AE030E040E050E022
:1063C0000E948CAD29013A01E1CF69817A818B81EC
:1063D0009C810E940CAC9B01AC01C501B4010E94E0
:1063E000BDAD4B015C01C701B6010E940CAC9B0125
:1063F000AC01C501B4010E946DAC2B013C010E94AF
:10640000A3AE4B015C010E940CAC9B01AC01C3012B
:10641000B2010E94BDAD9B01AC010E94BEAD0E94C5
:10642000A3AE860E971EA81EB91E8C149D04AE0442
:10643000BF0430F5D10114968D929D92AD92BC921D
:1064400017978AE0C82ED12CE12CF12CD10114969B
:106450006D917D918D919C911797A70196010E9456
:106460008CAD672B682B692B89F5F1018285181695
:106470006CF5248335834683578381508287E6CF2A
:10648000F101148215821682178289819A81AB816B
:10649000BC810196A11DB11D80839183A283B3832A
:1064A0002D813E812115310561F20A97A105B105C3
:1064B00040F2C90101969187808781E090E0A0E0D9
:1064C000B0E080839183A283B383BBCF26960FB6BF
:1064D000F894DEBF0FBECDBFDF91CF911F910F911A
:1064E000FF90EF90DF90CF90BF90AF909F908F90F4
:1064F0007F906F905F904F903F902F900895CF9333
:10650000DF93FC0182819381EB01460F571FA2812B
:10651000B38120813181A217B30758F4C417D5077E
:1065200041F02991BD016F5F7F4F738362832C938C
:10653000EECFA81BB90B84819581A80FB91FB58335
:10654000A483DF91CF9108958F929F92AF92BF92D3
:10655000CF92DF92EF92FF920F931F93CF93DF932F
:10656000CDB7DEB766970FB6F894DEBF0FBECDBFCE
:106570006C018E01095E1F4F78018AE0882E912CF4
:10658000A12CB12CCB01BA01A50194010E948CADC4
:10659000942F852F605DF80162938F01A901692F07
:1065A000782F411551056105710561F7A7014E1B53
:1065B0005F0BBF01C6010E947F3266960FB6F8944A
:1065C000DEBF0FBECDBFDF91CF911F910F91FF9026
:1065D000EF90DF90CF90BF90AF909F908F900895F5
:1065E000DC018D919C910097E1F0FC01238130E06A
:1065F000DB0112964D915C9113972417350769F4CE
:10660000ED91FC91DC0114962E0F3F1FE217F3076A
:1066100041F051914D915417C9F3FC018081918152
:10662000E2CF08950F931F93FB0100811181228116
:106630003381FC0101831283238334835683458392
:106640001F910F9108952F923F924F925F926F92F8
:106650007F928F929F92AF92BF92CF92DF92EF92F2
:10666000FF920F931F93CF93DF937B013A01322E5A
:10667000202ECEE4C80FAC2FB0E020E833E341EE8B
:1066800051E00E9479AD4B015C01E2EBF7E09D0126
:1066900004E610E0C0E9D1E0CF01825B97408217A9
:1066A00093077CF12E54384FC90164E670E00E94D4
:1066B000FCAE8C01C90160E971E00E94FCAE6C0186
:1066C000CAE8D2E0E1E0F0E0290183E04822552465
:1066D000EE15FF05ECF5E230F10569F541145104C2
:1066E00051F50115110519F4C114D10421F580E803
:1066F000880E8BE3981E86E2A81EB11C3196219667
:10670000E7CFCF0183709927892B99F4CF01B80186
:106710000E94FCAE892B31F4CF01BE010E94FCAE79
:10672000892B39F480E8880E81E5981E81E0A81E47
:10673000B11C3196B1CFA881B0E020E831E541E04D
:1067400050E00E9479AD860E971EA81EB91ED6CFC6
:10675000232D30E0A0E1BEE00E94AEAD6B017C01D4
:10676000222D30E0ACE3B0E00E94AEADC60ED71EE5
:10677000E81EF91ED301119720E831E541E050E011
:106780000E9484AD6C0D7D1D8E1D9F1D680D791DB1
:106790008A1D9B1DDF91CF911F910F91FF90EF906C
:1067A000DF90CF90BF90AF909F908F907F906F9031
:1067B0005F904F903F902F9008951F93CF93DF935A
:1067C000EC01CB011B81612F45960E94B330998368
:1067D00088831A83009719F0FC0185818B83DF91F0
:1067E000CF911F9108950F931F93CF93DF93CDB750
:1067F000DEB72C970FB6F894DEBF0FBECDBFDC011D
:10680000ED91FC9111973097B9F418861F828FEFA4
:1068100089872F81388549855A856B857C8580E0FD
:1068200090E02C960FB6F894DEBF0FBECDBFDF917F
:10683000CF911F910F91089512960D911C91B8015F
:1068400080810E94CE3069837A838B839C831E83F0
:106850000D8386E0FE013196DE01179601900D92C0
:106860008A95E1F7D6CFFC019289915084E0989FF8
:1068700090011124A089B189A20FB31F1296ED9146
:10688000FC9113973097E9F011962C9111978C9108
:106890002817B8F481E0820F11968C9388E0289F26
:1068A000A0011124E40FF51F309759F014828FEFE7
:1068B000858317821682BF01892F8295807F820F80
:1068C000089560E070E08FEF0895DF92EF92FF92FD
:1068D0000F931F93CF93DF93EC017B01D12C688939
:1068E00079898A89D816E0F484E0D89E8001112441
:1068F000060F171FD80112966D917C9161157105D5
:1069000041F0D701ED91FC910280F381E02DC701A8
:106910001995F8011382128210821182D394DFCF6D
:106920001A8A8FEF8C8BC617D70761F0D701ED91CC
:10693000FC910280F381E02DC7011995D98BC88B9A
:1069400084E08B8BDF91CF911F910F91FF90EF909F
:10695000DF900895DB01ED91FC9111970280F381A6
:10696000E02DBC01CD0119940F931F93CF93DF93BA
:10697000EC016881798105960E9465341A8208814C
:1069800019818B819C81009749F0FC012081318124
:106990003C832B83B8010E94AA34F3CFDF91CF91BF
:1069A0001F910F910895CF93DF93EC01E881F98156
:1069B000B0E0A0E03097F9F09F012C5F3F4F6217E5
:1069C0007307A1F4928191509283911114C0808138
:1069D0009181109741F08D939C93BA01CF01DF9183
:1069E000CF910C94AA3499838883F7CFDF0101906B
:1069F000F081E02DDFCFDF91CF910895EF92FF92EC
:106A00000F931F93CF93DF937C018B01EA016F3FBC
:106A1000710509F0B0F4E881F9810480F581E02D79
:106A2000AB014B5F5F4FBC01CE011995009749F058
:106A3000FC010383DF91CF911F910F91FF90EF90A5
:106A40000895E881F9810280F381E02DB701CE013C
:106A5000199590E080E0EECF90E080E00895CB01C2
:106A60000C9426AFCF93DF93EC01EAA1FBA1E80FD2
:106A7000F91F1282BC016E5F7F4F41F088819981BE
:106A80000E94FB8F882311F01BA21AA28AA19BA14E
:106A9000DF91CF9108951F93CF93DF93EC01162FD1
:106AA0008AA19BA101968097B8F48AA19BA19C0121
:106AB0002F5F3F4F3BA32AA38C0F9D1FFC01128326
:106AC00021E030E08CA19DA1820F931F9DA38CA398
:106AD000DF91CF911F910895CE010E943235892B0D
:106AE00021F330E020E0EECFBF92CF92DF92EF9221
:106AF000FF920F931F93CF93DF93EC016A018B01F9
:106B00007B01E40EF51EE016F106D1F0F801B1901C
:106B10008F018AA19BA10196809760F48AA19BA115
:106B20009C012F5F3F4F3BA32AA38C0F9D1FFC01AD
:106B3000B282E9CFCE010E943235892B79F3E3CFBF
:106B40004CA15DA14C0D5D1D5DA34CA3DF91CF91C8
:106B50001F910F91FF90EF90DF90CF90BF9008951D
:106B60008F929F92AF92BF92CF92DF92EF92FF925D
:106B70000F931F93CF93DF93CDB7DEB766970FB612
:106B8000F894DEBF0FBECDBF6C018E01095E1F4FB2
:106B900078018AE0882E912CA12CB12CCB01BA016E
:106BA000A50194010E948CAD942F852F605DF801A2
:106BB00062938F01A901692F782F41155105610555
:106BC000710561F7A7014E1B5F0BBF01C6010E9453
:106BD000743566960FB6F894DEBF0FBECDBFDF9159
:106BE000CF911F910F91FF90EF90DF90CF90BF90CA
:106BF000AF909F908F9008950C94C2AFCB010C94EE
:106C0000C2AF8F929F92AF92BF92CF92DF92EF92DC
:106C1000FF920F931F93CF93DF937C018B016C0145
:106C200082E0C80ED11C4701E5E08E0E911CD0E039
:106C3000C0E0F60141916F0150E070E060E02AE0B1
:106C4000C8010E94DD935C016EE2C8010E94679456
:106C50008A0D9B1DC80FD91FC814D90451F7F7011D
:106C6000458150E070E060E02AE0C8010E94DD93B9
:106C70008C0F9D1FDF91CF911F910F91FF90EF908F
:106C8000DF90CF90BF90AF909F908F9008950E941B
:106C90002CB1CF92DF92EF92FF920F931F93CF937D
:106CA000DF93CDB7DEB7AF970FB6F894DEBF0FBE58
:106CB000CDBF7C016A0102E113E01A8309831C86BF
:106CC0001B8688EE93E0A0E0B0E08D879E87AF87BB
:106CD000B88B8CE292E09A878987188F0F8B198E78
:106CE0001A8E1B8E1C8E88E089A31BA70AA71CA6E0
:106CF0001DA61EA61FA68091100F9091110FA091A6
:106D0000120FB091130F8EA39FA3A8A7B9A78B83CF
:106D10009C83AD83BE8318861F82AE01465D5F4FA4
:106D2000CE0101960E94768B81309105B1F4D70196
:106D3000ED91FC910488F589E02D1DA30CA38CA591
:106D40009DA5AEA5BFA58EA39FA3A8A7B9A7A60181
:106D5000BE016C5D7F4FC7011995AF960FB6F894D1
:106D6000DEBF0FBECDBFDF91CF911F910F91FF907E
:106D7000EF90DF90CF9008950F931F93CF93DF9301
:106D80008C01EB018B819C81009741F1DC01ED913D
:106D9000FC910688F789E02D1995882391F08B8165
:106DA0009C81DC01ED91FC910680F781E02D199525
:106DB0008B819C81DC01ED91FC910488F589E02DAB
:106DC00019958B819C81009739F0DC01ED91FC9144
:106DD000048CF58DE02D19951C821B821C861B8668
:106DE00063E473E0CE010F960E94BF9063E473E00A
:106DF000CE0145960E94BF9063E473E0CE014B96AE
:106E00000E94BF9018A61FA21D861E861A82198294
:106E1000D801ED91FC910680F781E02D30E020E073
:106E200050E040E061E070E0C801DF91CF911F9138
:106E30000F911994AF92BF92CF92DF92EF92FF928F
:106E40000F931F93CF93DF936B0124E0C20ED11CED
:106E5000EB0110E000E05C01A61AB70A7501EC0E28
:106E6000FD1EC7010E943EAD6991861729F0C7013A
:106E70000E944CAD0F5F1F4FCC15DD0579F7C8019F
:106E8000DF91CF911F910F91FF90EF90DF90CF9006
:106E9000BF90AF9008954F925F926F927F92BF9292
:106EA000CF92DF92EF92FF920F931F93CF93DF93D6
:106EB00000D01F92CDB7DEB77A01452BB1F460E068
:106EC00070E08FEF9B2D0F900F900F900F90DF9140
:106ED000CF911F910F91FF90EF90DF90CF90BF90D7
:106EE0007F906F905F904F90089589013B01B901A9
:106EF000FC0180810E94CE3069837A838B839C83DE
:106F00006301E981FA813097D1F2A681B78190E0DF
:106F100080E0109741F0FD0101900020E9F7CF01DA
:106F200001978A1B9B0B8C159D0579F430E020E0BE
:106F30008217930781F0F701E20FF31FE4914D915F
:106F4000E41303C02F5F3F4FF3CFB801CE0101968A
:106F50000E94DD33D6CF69817A818B81BC80B2CF2C
:106F6000FB0101900020E9F73197AF01461B570B59
:106F70000C9474351F93CF93DF93E4E1F3E0128117
:106F8000112379F0329621816213F9CFEC016CE57F
:106F90000E944B35612FCE01DF91CF911F910C9450
:106FA0004B356111F9CF65E273E0DF91CF911F910D
:106FB0000C94B037CF92DF92EF92FF920F931F9312
:106FC000CF93DF938C016B017A0162E20E944B3513
:106FD000E601EC0CFD1CCE15DF0529F06991C80116
:106FE0000E94BA37F8CF62E2C801DF91CF911F91BA
:106FF0000F91FF90EF90DF90CF900C944B35FB01F9
:1070000001900020E9F73197AF01461B570B0C9414
:107010007F321F93CF93DF93E4E1F3E012811123DA
:1070200079F0329621816213F9CFEC016CE50E9470
:10703000DF30612FCE01DF91CF911F910C94DF30B3
:107040006111F9CF65E273E0DF91CF911F910C944C
:10705000FF37CF92DF92EF92FF920F931F93CF9360
:10706000DF938C016B017A0162E20E94DF30E6015E
:10707000EC0CFD1CCE15DF0529F06991C8010E94BA
:107080000938F8CF62E2C801DF91CF911F910F91CB
:10709000FF90EF90DF90CF900C94DF30DC011196E1
:1070A0007C936E93F0E0E0E06115710539F0FB012F
:1070B00001900020E9F73197E61BF70B1396FC933C
:1070C000EE93129715965C934E93149708954F92F2
:1070D0005F926F927F928F929F92AF92BF92CF9268
:1070E000DF92EF92FF920F931F93CF93DF93CDB771
:1070F000DEB7A1970FB6F894DEBF0FBECDBF7C01FF
:107100008B01DC0114968C9114978F77883009F4E9
:1071100088C1E8F4843009F444C148F4833009F4A8
:1071200075C16CE273E0C8010E94B037F5C08530CC
:1071300009F448C18630A9F78C9161E373E08111AD
:1071400002C066E373E0C8010E94B03745C18C30CD
:1071500009F440C0C8F48A3021F7CD90DD90ED905D
:10716000FC90B701A601F7FE0BC06DE2C8010E94BA
:107170004B3544275527BA014C195D096E097F0923
:10718000C8010E94B03528C1803209F4CFC08034D4
:1071900041F66BE5C8010E944B35F701F080FFEF27
:1071A000FF1609F4BEC0D80196968D919C916F2D63
:1071B00045960E94B3307C01B8010E946738F70100
:1071C000F580FFEFFF1609F4ACC06CE2C8010E9425
:1071D0004B35E5CFF70180809180A280B380A50177
:1071E0009401C501B4010E9407AC81119ACF20E03F
:1071F00030E0A901C501B4010E9407AC882379F0F1
:10720000A5019401C501B4010E94BEAD9B01AC0172
:10721000C501B4010E9407AC882309F482CF20E0A5
:1072200030E0A901C501B4010E9407AC87FF08C086
:107230006DE2C8010E944B35B7FAB094B7F8B0942C
:107240006E01F7E1CF0ED11CB501A401C6010E9469
:10725000F7304F89588D698D7A8DC8010E94B035FD
:10726000F9A0FF2091F16B8D7C8D8D8D9E8D4E014F
:1072700021E1820E911CEF2C54012AE0422E512C68
:10728000612C712CEA94AFEFEA1659F0A301920138
:107290000E948CAD605DF40162934F01B901CA0197
:1072A000F1CF8F2D90E0BC0160957095F501E81B42
:1072B000F90B31978EE2808344275527461B570BE5
:1072C0006A0D7B1DC8010E9474358F8D98A1892B92
:1072D00019F165E6C8010E944B35EF8CF8A0C70193
:1072E000F7FE08C06DE2C8010E944B358827992738
:1072F0008E199F09F6012AE030E0B9010E94E8AE3C
:10730000805D8293CB010097C1F7A6014E1B5F0BF6
:10731000BF01C8010E947435D80194968D919C914B
:107320005EC06DE5C8010E944B35F6CF6BE7C80122
:107330000E944B35F701F080FFEFFF1681F1D80175
:1073400096968D919C916F2D45960E94B3307C014D
:10735000FC01A680B78062E2C8010E944B3565013E
:10736000D6016D916D01662321F0C8010E94BA37E4
:10737000F7CF62E2C8010E944B356AE3C8010E9460
:107380004B35B801C7010E946738F701F580FFEF60
:10739000FF1629F06CE2C8010E944B35CDCF6DE796
:1073A000C1CFF7016081718141E050E0CE010196CB
:1073B0000E944E384B815C8169817A81C8010E94AC
:1073C000DA37AACFED91FC91438150E0BF016C5FA9
:1073D0007F4FC8010E94DA37F80184A195A1A196D8
:1073E0000FB6F894DEBF0FBECDBFDF91CF911F91D6
:1073F0000F91FF90EF90DF90CF90BF90AF909F9054
:107400008F907F906F905F904F900895ED91FC91D9
:10741000438150E0BF016C5F7F4FC8010E9474350B
:10742000DBCF4D915D916D917C91AACE4F925F9291
:107430006F927F928F929F92AF92BF92CF92DF9284
:10744000EF92FF920F931F93CF93DF93CDB7DEB7E9
:10745000A1970FB6F894DEBF0FBECDBF7C018B01A4
:10746000DC0114968C9114978F77883009F488C1C9
:10747000E8F4843009F444C148F4833009F475C158
:107480006CE273E0C8010E94FF37F5C0853009F453
:1074900048C18630A9F78C9161E373E0811102C085
:1074A00066E373E0C8010E94FF3745C18C3009F4E0
:1074B00040C0C8F48A3021F7CD90DD90ED90FC906B
:1074C000B701A601F7FE0BC06DE2C8010E94DF30D4
:1074D00044275527BA014C195D096E097F09C80177
:1074E0000E94A43228C1803209F4CFC0803441F612
:1074F0006BE5C8010E94DF30F701F080FFEFFF1657
:1075000009F4BEC0D80116968D919C916F2D4596B9
:107510000E94B3307C01B8010E94163AF701F58051
:10752000FFEFFF1609F4ACC06CE2C8010E94DF3027
:10753000E5CFF70180809180A280B380A5019401FE
:10754000C501B4010E9407AC81119ACF20E030E060
:10755000A901C501B4010E9407AC882379F0A501F7
:107560009401C501B4010E94BEAD9B01AC01C501EF
:10757000B4010E9407AC882309F482CF20E030E0F8
:10758000A901C501B4010E9407AC87FF08C06DE2E4
:10759000C8010E94DF30B7FAB094B7F8B0946E011A
:1075A000F7E1CF0ED11CB501A401C6010E94F7304E
:1075B0004F89588D698D7A8DC8010E94A432F9A037
:1075C000FF2091F16B8D7C8D8D8D9E8D4E0121E183
:1075D000820E911CEF2C54012AE0422E512C612C7A
:1075E000712CEA94AFEFEA1659F0A30192010E94C0
:1075F0008CAD605DF40162934F01B901CA01F1CF16
:107600008F2D90E0BC0160957095F501E81BF90B9A
:1076100031978EE2808344275527461B570B6A0D0E
:107620007B1DC8010E947F328F8D98A1892B19F193
:1076300065E6C8010E94DF30EF8CF8A0C701F7FEB5
:1076400008C06DE2C8010E94DF30882799278E1993
:107650009F09F6012AE030E0B9010E94E8AE805DA2
:107660008293CB010097C1F7A6014E1B5F0BBF01B0
:10767000C8010E947F32D80114968D919C915EC002
:107680006DE5C8010E94DF30F6CF6BE7C8010E94AC
:10769000DF30F701F080FFEFFF1681F1D801169679
:1076A0008D919C916F2D45960E94B3307C01FC0119
:1076B000A680B78062E2C8010E94DF306501D60172
:1076C0006D916D01662321F0C8010E940938F7CF42
:1076D00062E2C8010E94DF306AE3C8010E94DF3025
:1076E000B801C7010E94163AF701F580FFEFFF16B7
:1076F00029F06CE2C8010E94DF30CDCF6DE7C1CF29
:10770000F7016081718141E050E0CE0101960E9455
:107710004E384B815C8169817A81C8010E94293889
:10772000AACFED91FC91438150E0BF016C5F7F4F88
:10773000C8010E942938F80184819581A1960FB66D
:10774000F894DEBF0FBECDBFDF91CF911F910F9197
:10775000FF90EF90DF90CF90BF90AF909F908F9071
:107760007F906F905F904F900895ED91FC914381D1
:1077700050E0BF016C5F7F4FC8010E947F32DBCFBA
:107780004D915D916D917C91AACEEF92FF920F93F6
:107790001F93CF93DF93CDB7DEB764970FB6F894FE
:1077A000DEBF0FBECDBF7C018B01FC0184819581C2
:1077B000A681B78189839A83AB83BC83BE016F5F47
:1077C0007F4FC8010E941A37F70184859585A685E9
:1077D000B7858D839E83AF83B887BE016B5F7F4F74
:1077E000C80104960E941A37F70180899189A289FD
:1077F000B38989879A87AB87BC87BE01675F7F4F54
:10780000C80108960E941A37F70184899589A689CC
:10781000B7898D879E87AF87B88BBE01635F7F4F27
:10782000C8010C960E941A37F701878D90A1A1A17B
:10783000B2A1898B9A8BAB8BBC8BBE016F5E7F4FE5
:10784000C80140960E941A37F701648D70E0C801A4
:1078500044960E941883F701658D768DC80146967F
:107860000E941883C801489664960FB6F894DEBF4C
:107870000FBECDBFDF91CF911F910F91FF90EF9081
:107880000895CF93DF93EC0130E020E0009719F0EA
:107890000E945AA99C01BE01C901DF91CF910895B0
:1078A0000F931F93CF93DF93EC010B811C818D818C
:1078B0009E810E94413CAB01BC0189819A81009765
:1078C00039F490E080E0DF91CF911F910F910895FE
:1078D000FC01248125FD02C090E080E0009789F33F
:1078E00098010E944B37CB01EECF0F931F93CF939C
:1078F000DF93EC01088119818A819B810E94413CC0
:10790000AB01BC01E881F981CF014A9639F490E0DE
:1079100080E0DF91CF911F910F910895268D25FD75
:1079200002C090E080E0009791F398010E944B37ED
:10793000CB01EFCFCF93DF93FC01C081D1810E94B7
:10794000753C009761F0FC01248125FF08C0382FA9
:10795000292F632F722FCE01DF91CF91089530E050
:1079600020E0F7CFCB01BA010C944BB01F920F92DD
:107970000FB60F9211240BB60F922F933F934F9394
:107980005F936F937F938F939F93AF93BF93EF9387
:10799000FF938EE891E10E942C04FF91EF91BF913B
:1079A000AF919F918F917F916F915F914F913F9197
:1079B0002F910F900BBE0F900FBE0F901F90189538
:1079C0001F920F920FB60F9211240BB60F922F93A6
:1079D0003F934F935F936F937F938F939F93AF9357
:1079E000BF93EF93FF938EE891E10E94B803FF915C
:1079F000EF91BF91AF919F918F917F916F915F9127
:107A00004F913F912F910F900BBE0F900FBE0F9093
:107A10001F9018951F920F920FB60F9211240BB65C
:107A20000F922F933F934F935F936F937F938F9317
:107A30009F93AF93BF93EF93FF9386E79DE00E94E0
:107A40002C04FF91EF91BF91AF919F918F917F9106
:107A50006F915F914F913F912F910F900BBE0F90BF
:107A60000FBE0F901F9018951F920F920FB60F9296
:107A700011240BB60F922F933F934F935F936F9305
:107A80007F938F939F93AF93BF93EF93FF9386E77B
:107A90009DE00E94B803FF91EF91BF91AF919F913C
:107AA0008F917F916F915F914F913F912F910F90A7
:107AB0000BBE0F900FBE0F901F9018951F920F9244
:107AC0000FB60F9211240BB60F922F933F934F9343
:107AD0005F936F937F938F939F93AF93BF93EF9336
:107AE000FF9383E19EE00E942C04FF91EF91BF91F0
:107AF000AF919F918F917F916F915F914F913F9146
:107B00002F910F900BBE0F900FBE0F901F901895E6
:107B10001F920F920FB60F9211240BB60F922F9354
:107B20003F934F935F936F937F938F939F93AF9305
:107B3000BF93EF93FF9383E19EE00E94B803FF9110
:107B4000EF91BF91AF919F918F917F916F915F91D5
:107B50004F913F912F910F900BBE0F900FBE0F9042
:107B60001F9018951F93CF93DF93282F30E0F901D2
:107B7000EB56FA4F8491F901E05BF94FD491F9018A
:107B8000E055F94FC491CC23A9F0162F81110E9422
:107B9000E404EC2FF0E0EE0FFF1FEA56F94FA59139
:107BA000B4918FB7F894EC91111108C0D095DE23F1
:107BB000DC938FBFDF91CF911F910895DE2BF8CF1B
:107BC000CF93DF9390E0FC01E05BF94F2491805567
:107BD000994FFC0184918823D1F090E0880F991F80
:107BE000FC01EF59FA4FA591B491FC01EA56F94F07
:107BF000C591D49161110EC09FB7F8948C91E22F7A
:107C0000E0958E238C932881E223E8839FBFDF9148
:107C1000CF9108958FB7F894EC91E22BEC938FBF3E
:107C2000F6CF1F93CF93DF93182FEB0161E00E94F3
:107C3000E03D209739F460E0812FDF91CF911F91D3
:107C40000C94B23DCF3FD10511F461E0F5CFE12FA7
:107C5000F0E0EB56FA4FE491E150E23108F0B3C0A6
:107C6000F0E08827E95CF14C8F4F0C9410AF493E4F
:107C7000513E563E603E6A3EE33E743E7C3E843E4C
:107C80008E3E983EA23EB13EBB3EE33EC53ECF3E59
:107C9000D93E84B5806884BDC7BDDF91CF911F9167
:107CA000089584B5806284BDC8BDF7CF80918000FF
:107CB000806880938000D0938900C0938800EDCFC6
:107CC00080918000806280938000D0938B00C0936D
:107CD0008A00E3CF80918000886080938000D093F9
:107CE0008D00C0938C00D9CF8091B00080688093C4
:107CF000B000C093B300D1CF8091B0008062809378
:107D0000B000C093B400C9CF809190008068809388
:107D10009000D0939900C0939800BFCF80919000BD
:107D2000806280939000D0939B00C0939A00B5CF5F
:107D300080919000886080939000D0939D00C093C4
:107D40009C00ABCF8091A00080688093A0008091C0
:107D5000A0008F7B8093A000D093A900C093A800BF
:107D60009CCF8091A00080628093A000D093AB0054
:107D7000C093AA0092CF8091A00088608093A00059
:107D8000D093AD00C093AC0088CF80912001806873
:107D900080932001D0932901C09328017ECF809148
:107DA0002001806280932001D0932B01C0932A018F
:107DB00074CF80912001886080932001D0932D01A1
:107DC000C0932C016ACFC038D1050CF03ECF33CF21
:107DD0008F929F92AF92BF92CF92DF92EF92FF92DB
:107DE0004B015C010E9491056B017C010E94910591
:107DF0006C197D098E099F09683E734081059105C4
:107E0000A8F321E0821A9108A108B10888EEC80EF3
:107E100083E0D81EE11CF11C81149104A104B1047B
:107E200029F7FF90EF90DF90CF90BF90AF909F9099
:107E30008F9008952FB7F8946091C0077091C10793
:107E40008091C2079091C3072FBF08954F925F9210
:107E50006F927F928F929F92AF92BF92CF92DF925A
:107E6000EF92FF921F93CF93DF93CDB7DEB72E979C
:107E70000FB6F894DEBF0FBECDBFDC01DA961C91C1
:107E8000111118C010E0812F2E960FB6F894DEBFA6
:107E90000FBECDBFDF91CF911F91FF90EF90DF908C
:107EA000CF90BF90AF909F908F907F906F905F909A
:107EB0004F9008959E878D870E941A3F69837A8329
:107EC0008B839C83ED85FE8582A193A1A4A1B5A19E
:107ED00049815A816B817C81481B590B6A0B7B0B52
:107EE00086A597A5A0A9B1A9481759076A077B07D6
:107EF00048F20190F081E02DC080D180E280F380D3
:107F0000AD85BE851496ED91FC91A7019601608127
:107F10007181828193810E94BDAD4B015C01ED8531
:107F2000FE8542A453A464A475A4A3019201C701D1
:107F3000B6010E94BDAD6D837E838F839887A301B8
:107F40009201C701B6010E9407AC882341F0AD85BC
:107F5000BE859A96CD92DD92ED92FC929D97ED852D
:107F6000FE8566A177A180A591A59B01AC010E9429
:107F7000D7AE882341F0AD85BE8596961D921D92A1
:107F80001D921C929997ED85FE8526893789408D33
:107F9000518DC501B4010E946DACAD85BE8596962C
:107FA0002D913D914D915C9199970E94BEAD6B01D1
:107FB0007C01ED85FE85C6A2D7A2E0A6F1A683AD21
:107FC00081111EC022893389448955896D817E8142
:107FD0008F8198850E946DAC9B01AC01C701B601F1
:107FE0000E94BDADAD85BE8596966D937D938D93B4
:107FF0009C9399976CE373E083E19EE00E94509418
:10800000ED85FE85C6A0D7A0E0A4F1A476A867A858
:1080100050AC41AC272D362D452D542DC701B6014E
:108020000E94D2AE18160CF074C0872D962DA52D87
:10803000B42DED85FE8586A397A3A0A7B1A7AD8536
:10804000BE85DB968C91DB97C12CD12C76018823E1
:1080500061F052962D913D914D915C915597C501DE
:10806000B4010E946DAC6B017C01ED85FE85228D13
:10807000338D448D558D6D817E818F8198850E94D1
:108080006DAC9B01AC01AD85BE8596966D917D91E1
:108090008D919C9199970E94BDADA70196010E9478
:1080A000BEAD6B017C019B01AC01672D762D852D4A
:1080B000942D0E9407AC87FD14C0ED85FE8572A843
:1080C00063A854A845A8272D362D452D542DB6015B
:1080D000C7010E9407AC87FD04C07C2C6D2C5E2C70
:1080E0004F2CAD85BE851296ED91FC91872D962D76
:1080F000A52DB42D80839183A283B38389819A8136
:10810000AB81BC81ED85FE8582A393A3A4A3B5A317
:10811000BACEAD85BE85D2968D919D910D90BC91C4
:10812000A02D89879A87AB87BC879C01AD01C701C9
:10813000B6010E9407AC87FF82CF89859A85AB85FF
:10814000BC8577CF2F923F924F925F926F927F9232
:108150008F929F92AF92BF92CF92DF92EF92FF9257
:108160000F931F93CF93DF9300D01F92CDB7DEB74D
:108170001C0127013801DC0113965C934E93129782
:1081800011967C936E9315963C932E931497DA96E2
:108190001C92FC0112AA13AA14AA15AA80E090E06E
:1081A000AFE7B3E486AB97ABA0AFB1AF84E690E0A6
:1081B000A0E0B0E086A797A7A0ABB1AB6E8D7F8D96
:1081C000C1010E94303020E030E0A901C801B701B0
:1081D0000E9407AC87FD93C020E030E0A901C601F2
:1081E000B5010E9407AC87FD8AC020E030E0A901FC
:1081F0006A8D7B8D8C8D9D8D0E9407AC87FD7FC025
:1082000081E090E0D10191969C938E939097DB96BC
:108210008C93DB97F10146825782608671861A96AD
:10822000AD92BD92CD92DC921D978A8D9B8DAC8DC7
:10823000BD8D86879787A08BB18B66A577A580A912
:1082400091A90E940CAC20E030E04AE754E40E947F
:108250002AAE69837A838B839C83D10152964D9297
:108260005D926D927C9255979B01AC01C601B50160
:108270000E946DAC4B015C01F101868A978AA08E49
:10828000B18E29813A814B815C816A8D7B8D8C8D89
:108290009D8D0E942AAE6B017C01D1015A96CD9230
:1082A000DD92ED92FC925D975E968D919C91019787
:1082B00031F5A801920160E070E0CB010E94BDADF4
:1082C000F101628B738B848B958BA501940160E027
:1082D00070E0CB010E94BDADD10156966D937D93A8
:1082E0008D939C935997A701960160E070E0CB01B4
:1082F0000E94BDADF101628F738F848F958F0E94B4
:108300001A3FD1019E96CD90DD90ED90FC90D197D3
:108310006C197D098E099F09F10162A373A384A3DF
:1083200095A30F900F900F900F90DF91CF911F9119
:108330000F91FF90EF90DF90CF90BF90AF909F9004
:108340008F907F906F905F904F903F902F90089507
:108350002F923F924F925F926F927F928F929F9255
:10836000AF92BF92CF92DF92EF92FF920F931F9343
:10837000CF93DF93CDB7DEB7C454D1090FB6F894CD
:10838000DEBF0FBECDBFA090EF10B090F010C09038
:10839000F110D090F210E090EB10F090EC10009102
:1083A000ED101091EE101F9281E08F938091F610E6
:1083B0008F938091F5108F938091F4108F9380911B
:1083C000F3108F9323EE30E14FED50E16AE770E157
:1083D000CE0101960E94A2408CE3FE013196A2E0FC
:1083E000B1E101900D928A95E1F71092341110924B
:1083F0003511109236111092371180E090E0A8E408
:10840000B2E48093381190933911A0933A11B0934C
:108410003B110F900F900F900F900F900F90809145
:108420003C11882359F000E010E028E432E440E0F9
:1084300050E0BA0182E091E10E94C22F80913C118C
:10844000811104C082E091E10E946C3081E0809350
:108450003C1161E070E082E091E10E943030A09038
:10846000260FB090270FC090280FD090290FE090D2
:10847000220FF090230F0091240F1091250F1F92CF
:108480001F9280912D0F8F9380912C0F8F9380914D
:108490002B0F8F9380912A0F8F932AE13FE046E1C3
:1084A0005FE06FE478E0CE0101960E94A2408CE389
:1084B000FE013196A9E3BFE001900D928A95E1F7A4
:1084C00080E090E0A8E4B2E480936B0F90936C0F8F
:1084D000A0936D0FB0936E0F80E090E0AFE7B3E430
:1084E00080936F0F9093700FA093710FB093720FE2
:1084F0000F900F900F900F900F900F908091730F2F
:10850000882361F000E010E02FE733E440E050E022
:1085100068E472E489E39FE00E94C22F8091730FA8
:10852000811104C089E39FE00E946C3081E0809358
:10853000730F70E060E089E39FE00E94303087E7CE
:108540009FE09EAF8DAF8AE9282E8FE0382E2196CE
:108550001FAE1EAE2197ADADBEAD5496CD90DD9051
:10856000ED90FC90579750968D909D90AD90BC905B
:1085700053971C964D905D906D907C901F97BC8397
:10858000AB8321968EAD9FAD2197895B974F9A83E0
:108590008983CD0104969E838D831BAE1BAA1CAAE2
:1085A0001DAA1EAA80E090E0AFE7B3E48FAB98AFBE
:1085B000A9AFBAAF84E690E0A0E0B0E08FA798AB97
:1085C000A9ABBAAB70E060E0CE0101960E943030FA
:1085D00020E030E0A901C301B2010E9407AC87FD91
:1085E0007BC020E030E0A901C501B4010E9407ACC6
:1085F00087FD72C020E030E0A901C701B6010E94EA
:1086000007AC87FD69C0A1E0B0E0BAA3A9A3B1E0BF
:10861000BCAF4F82588669867A868B869C86AD86EB
:10862000BE86CF86D88AE98AFA8A6FA578A989A9F1
:108630009AA90E940CAC20E030E04AE754E40E9482
:108640002AAE25966CAF7DAF8EAF9FAF25974B8A34
:108650005C8A6D8A7E8A9B01AC01C501B4010E94CF
:108660006DAC4B015C018F8A988EA98EBA8E2596CF
:108670002CAD3DAD4EAD5FAD2597C701B6010E9453
:108680002AAE6B017C01CB8EDC8EED8EFE8E8F8D43
:1086900098A1019709F5A301920160E070E0CB0178
:1086A0000E94BDAD6B8B7C8B8D8B9E8BA501940145
:1086B00060E070E0CB010E94BDAD6F8B788F898F39
:1086C0009A8FA701960160E070E0CB010E94BDADDA
:1086D0006B8F7C8F8D8F9E8F0E941A3FCFA4D8A85E
:1086E000E9A8FAA86C197D098E099F096BA37CA3E0
:1086F0008DA39EA38CE3FE013196ADADBEAD9396E6
:1087000001900D928A95E1F780E090E0A0EAB2E452
:10871000F10182AB93ABA4ABB5AB80E090E0AFE7E7
:10872000B3E486AB97ABA0AFB1AF82AD882359F06D
:1087300000E010E02FE733E440E050E060EA72E44C
:10874000C1010E94C22FD101DA968C91811103C020
:10875000C1010E946C3081E0F10182AF70E060E005
:10876000C1010E943030ADADBEADAF59BF4FBEAFFD
:10877000ADAFB1E62B0E311C2196EEADFFAD2197CA
:1087800034962196FFAFEEAF2197389709F0E3CEEC
:10879000CC5BDF4F0FB6F894DEBF0FBECDBFDF91CD
:1087A000CF911F910F91FF90EF90DF90CF90BF90EE
:1087B000AF909F908F907F906F905F904F903F9081
:1087C0002F900895CF92DF92EF92FF920F931F9315
:1087D000CF93DF93EC016A017B0188819981AA81A3
:1087E000BB81892B8A2B8B2B41F40E941A3F688313
:1087F00079838A839B8380E014C00E941A3F08819A
:1088000019812A813B81601B710B820B930B6C15C4
:108810007D058E059F0578F3188219821A821B82C6
:1088200081E0DF91CF911F910F91FF90EF90DF904A
:10883000CF9008951F920F920FB60F9211242F938D
:108840003F938F939F93AF93BF938091C007909175
:10885000C107A091C207B091C3073091BF0723E0C1
:10886000230F2D3758F50196A11DB11D2093BF0789
:108870008093C0079093C107A093C207B093C3072A
:108880008091C4079091C507A091C607B091C70712
:108890000196A11DB11D8093C4079093C507A093B5
:1088A000C607B093C707BF91AF919F918F913F913A
:1088B0002F910F900FBE0F901F90189526E8230F51
:1088C0000296A11DB11DD2CF1F920F920FB60F922B
:1088D00011240BB60F922F933F934F935F936F9397
:1088E0007F938F939F93AF93BF93EF93FF93809169
:1088F000B900887F803609F44DC008F040C0883246
:1089000009F4A7C028F5803109F49BC0C8F4882376
:1089100009F4F7C0883009F494C0FF91EF91BF913A
:10892000AF919F918F917F916F915F914F913F9107
:108930002F910F900BBE0F900FBE0F901F901895A8
:10894000883109F486C0803241F78093490B14C006
:10895000803409F49BC040F48033B9F38833E9F6DE
:108960008093490B85ECAEC0803509F483C088350F
:1089700009F494C0883489F60E94B605CECF8839B0
:1089800009F48AC038F5883729F050F4883611F098
:10899000803719F683E08093B20E1092BE0755C05F
:1089A000883809F479C0803919F0803809F0B5CFDA
:1089B0008091BE07803208F06FC0E091BE0781E071
:1089C0008E0F8093BE078091BB00F0E0E256F84F17
:1089D00080833BC0803B39F0D0F4803A09F477C003
:1089E000883A09F09ACF84E08093B20E10929D07E6
:1089F00010929C07F0E0E0E0199580919C078111AE
:108A00000FC081E080939C0710927C0709C0803CD6
:108A100009F4A8CF883C09F4A5CF883B09F07DCFA5
:108A2000E0919D0781E08E0F80939D07F0E0E45870
:108A3000F84F80818093BB0090919D0780919C07A7
:108A400029C08091260B8093BB0085EC8093BC00ED
:108A500064CF9091480B8091470B981758F5E0919F
:108A6000480B81E08E0F8093480BF0E0E95DF44FF6
:108A70008081E9CFE091480B81E08E0F8093480B15
:108A80008091BB00F0E0E95DF44F80839091480B4A
:108A90008091470B9817C8F285E8D8CFE091480B32
:108AA00081E08E0F8093480B8091BB00F0E0E95D80
:108AB000F44F80838091B10E81115ECF81E080936D
:108AC000B00E84EA8093BC001092B20E26CF85ECE3
:108AD0008093BC001092B20E8091BE07803230F4B9
:108AE000E091BE07F0E0E256F84F10826091BE07B9
:108AF00070E08EE997E0F0E0E0E019951092BE0793
:108B00000CCF1092490B38CF8FEF0C94D806FC0194
:108B1000DB0112968D919C911397938382838AEF48
:108B200092E09183808314968C9114978483159698
:108B30008C911597858316964D915D916D917C91E1
:108B4000199746835783608771871A964D915D9177
:108B50006D917C911D9742875387648775871E9618
:108B60004D915D916D917C91519746875787608BB0
:108B7000718B52968C915297828B53964D915D9149
:108B80006D917C915697438B548B658B768B579662
:108B90004D915D916D917C915A97478B508F618F6C
:108BA000728F5B968D919C91948F838F0895EF9235
:108BB000FF920F931F93CF93DF93EC017B018A0108
:108BC0001B821A8288EE93E0A0E0B0E08C839D8344
:108BD000AE83BF838AEB92E0998388838DE190E036
:108BE0000E9426AF9A8F898F009779F02DE1F701C7
:108BF000DC0101900D922A95E1F74CE050E0B801BC
:108C0000CE010C960E947FB1188EDF91CF911F91FB
:108C10000F91FF90EF900895CF93CFB7F894809184
:108C20007607811127C0E5EEF6E08491E5E8F6E0ED
:108C30009491E82FF0E0EE0FFF1FEF59FA4FA59146
:108C4000B491EC91E92321F461E085E30E94B23D07
:108C500061E085E30E94E03D8CB580618CBD8CB500
:108C600080648CBD61E084E30E94E03D61E083E3C9
:108C70000E94E03D809176078F5F80937607CFBF9B
:108C8000CF910895E091000BF091010B80819091BC
:108C9000FF0A892B80830895AF92BF92CF92DF9213
:108CA000EF92FF920F931F93CF93DF9300D01F9209
:108CB000CDB7DEB78C016B017A018091020B833353
:108CC000E9F45B016801C40ED51EC016D106A9F1F6
:108CD0000E94CD068FE00E94D806812F0E94D80600
:108CE000802F0E94D8060F5F1F4F80E00E94D80699
:108CF000F50181935F010E944246E7CF843369F515
:108D00000E94CD0619830A838F2D8F778B83EC8287
:108D100064E070E0CE0101960E94B306A70170E006
:108D200060E0C6010E944FB1E114F10421F0B701E7
:108D3000C6010E94B3060E944246C7010F900F90E1
:108D40000F900F90DF91CF911F910F91FF90EF90B7
:108D5000DF90CF90BF90AF9008950E94CD060F3F57
:108D6000110509F030F419820A831B8263E070E078
:108D7000D1CF17FD0BC019820A8333E016950795F2
:108D80003A95E1F7007E08600B83F0CFC80126E03A
:108D9000969587952A95E1F7807E19830A830115B8
:108DA000104C18F480618B83E1CF8861FCCFAF92C7
:108DB000BF92CF92DF92EF92FF920F931F93CF93C8
:108DC000DF9300D000D01F921F92CDB7DEB78C0189
:108DD0007B016A018091020B8333E1F45801A40EF8
:108DE000B51EA016B10609F46FC00E94CD0680EF33
:108DF0000E94D806812F0E94D806802F0E94D80694
:108E00000F5F1F4FF70181917F010E94D8060E94DA
:108E10004246E7CF5B01A40EB51E8433C1F40E9425
:108E2000CD0619830A838D2D80688B83CC8264E004
:108E300070E0CE0101960E94B306AE14BF0409F49F
:108E400041C0F70181917F010E94D806F6CF0E94B0
:108E5000CD060F3F110509F028F419820A8384E03A
:108E60008B830CC017FD17C019820A8333E0169557
:108E700007953A95E1F7007E0C600B8386E0C816F3
:108E8000D104A0F5F701DE011496EA15FB0599F06F
:108E900081918D93FACFC80126E0969587952A9502
:108EA000E1F7807E19830A830115104C10F4846168
:108EB000D7CF8C61D5CFB6016D5F7F4FCE010196C4
:108EC0000E94B3060E944246C60128960FB6F89447
:108ED000DEBF0FBECDBFDF91CF911F910F91FF90ED
:108EE000EF90DF90CF90BF90AF90089563E070E077
:108EF000CE0101960E94B306F70181917F010E9485
:108F0000D806AE14BF04C1F7DDCFCF93DF931F9215
:108F1000CDB7DEB741E050E0BE016F5F7F4F90E01C
:108F200080E00E944C4689810F90DF91CF91089597
:108F3000CF93DF93C4E1D0E00E948547882361F09E
:108F400061E070E080E090E00E94E83E2197A1F7A8
:108F500080E0DF91CF91089581E0FBCFCF93DF9345
:108F60001F92CDB7DEB7898341E050E0BE016F5F4D
:108F70007F4F90E080E00E94D7460F90DF91CF9125
:108F80000895DA01E091030BF0E0FE2FEE27E60FE3
:108F9000F71F90E0982F8827A901BD018E0F9F1F12
:108FA0000C94D746CF93DF931F921F92CDB7DEB7B5
:108FB00079836A8322E030E0AE014F5F5F4F60E16A
:108FC00070E00E94C1470F900F90DF91CF910895FC
:108FD000CF93DF931F921F92CDB7DEB779836A8359
:108FE00022E030E0AE014F5F5F4F64E070E00E942E
:108FF000C1470F900F90DF91CF910895CF93DF93EA
:109000001F92CDB7DEB72091030B30E0322F22271D
:10901000260F371F90E0982F8827498341E050E0C2
:10902000BE016F5F7F4F820F931F0E94D7460F9044
:10903000DF91CF910895CF93DF931F92CDB7DEB725
:109040002091030B30E0322F2227260F371F90E0AC
:10905000982F882741E050E0BE016F5F7F4F820F5D
:10906000931F0E944C4689810F90DF91CF91089504
:10907000CF93C82F462F61E070E00E94FE4761E069
:1090800070E08C2F0E941B488111F9CFCF91089579
:10909000DA01E091030BF0E0FE2FEE27E60FF71F59
:1090A00090E0982F8827A901BD018E0F9F1F0C9477
:1090B0004C466F927F929F92AF92BF92CF92DF9277
:1090C000EF92FF920F931F93CF93DF931F921F9204
:1090D000CDB7DEB7982E8B013A01690122E030E06E
:1090E000AE014F5F5F4F64E270E00E944848E98044
:1090F000FA80FE24EF24FE24E00EF11E9701377063
:109100004091020B092D10E0C801433309F04CC017
:109110000896982F8827990F990F990F820F931F00
:10912000473309F446C0A9014C0D5D1D413058403C
:1091300008F43FC060E078E05B01A21AB30AA50121
:10914000B3010E94D746A6014A195B09B3016A0D13
:109150007B1D8091020B833349F5085F1F4F000F81
:10916000000F000F80E0902F0E94D746EC0CFD1CF2
:10917000F982EA8222E030E0AE014F5F5F4F64E2A5
:1091800070E0892D0E94C1470F900F90DF91CF9121
:109190001F910F91FF90EF90DF90CF90BF90AF9015
:1091A0009F907F906F9008954096B3CF005F1F4FC0
:1091B000D6CFA601B301D8CFEF92FF921F93CF93E2
:1091C000DF931F921F92CDB7DEB7182F22E030E059
:1091D000AE014F5F5F4F60E270E00E944848E98057
:1091E000FA80FE24EF24FE2422E030E0AE014F5F3F
:1091F0005F4F60E270E0812F0E94484889819A8128
:10920000982789279827E816F90689F487E0189F98
:10921000F0011124E15AF74FF582E482C7010F9063
:109220000F90DF91CF911F91FF90EF9008957C01F7
:10923000DBCFFF920F931F93CF93DF931F921F9269
:10924000CDB7DEB7F82E22E030E0AE014F5F5F4FC2
:1092500066E270E00E94484809811A8110270127C0
:10926000102722E030E0AE014F5F5F4F66E270E012
:109270008F2D0E94484889819A81982789279827AD
:109280000817190749F4C8010F900F90DF91CF918B
:109290001F910F91FF9008958C01E3CF089561E035
:1092A000FC0184810E94B23D809177078111109268
:1092B000770708958CBD9DBD0895CF93DF93EC0192
:1092C00080917707811109C081E0809377078091B1
:1092D000C30E9091C40E0E945A4960E08C81DF91C8
:1092E000CF910C94B23D8F929F92AF92BF92FF921A
:1092F0000F931F93CF93DF93EC01F62E49015A0190
:109300008E81882389F08F8198859C012F5F3F4F44
:1093100038872F838230924018F40E948445F3CF1F
:10932000CE010E944F491E82CE010E945D498CE20F
:1093300091E00E9477838F2D80640E94D80608E117
:1093400010E0D501C401002E04C0B695A7959795ED
:1093500087950A94D2F70E94D80608501109083F51
:109360008FEF180771F785E9FF2021F028E087E8E3
:10937000F2128FEF0E94D80610E00E9484458A877F
:1093800087FF04C01F3F11F01F5FF7CFDF91CF9120
:109390001F910F91FF90BF90AF909F908F90089575
:1093A000AF92BF92CF92DF92EF92FF920F931F93F3
:1093B000CF93DF93EC016901C801820F931F8130C5
:1093C000924050F58E81882379F088819981AA8115
:1093D000BB8184179507A607B70731F48F8198855D
:1093E000C816D90608F042C0488359836A837B8334
:1093F0008B85833039F089E0440F551F661F771F36
:109400008A95D1F79A01AB0161E1CE010E947349BF
:10941000882389F083E08D83CE010E944F4980E04C
:10942000DF91CF911F910F91FF90EF90DF90CF9040
:10943000BF90AF9008950E941A3F5B010E9484453F
:109440008A878F3F69F40E941A3F6A197B096D323F
:109450007140A0F38FE08D83CE010E944F49DCCF95
:109460008E3F89F418861F8281E08E838F819885D4
:109470008C159D0550F40E9484458F819885019636
:1094800098878F83F3CF8DE0E6CF6701E00EF11E62
:109490000E948445F60181936F01EE15FF05C1F727
:1094A0008F819885080F191F18870F838985882356
:1094B00019F001151240A0F08E81882389F08F8168
:1094C00098859C012F5F3F4F38872F8382309240D1
:1094D00018F40E948445F3CFCE010E944F491E82AA
:1094E00081E09ECFCF92DF92EF92FF920F93CF93C6
:1094F000DF93EC01690182E14115510561057105B8
:1095000099F08B85833039F089E0440F551F661F31
:10951000771F8A95D1F79A01AB0168E1CE010E94CD
:109520007349882319F084E08D832DC08EEF0E944B
:10953000D80676018EEFD81AF70181917F010E943B
:10954000D806EC14FD04C1F78FEF0E94D8068FEF08
:109550000E94D8060E9484458A878F71853071F4F5
:10956000011116C0CE010E944F4981E0DF91CF91D9
:109570000F91FF90EF90DF90CF90089581E18D8360
:10958000CE010E944F49CE010E944F4980E0EECFAC
:1095900088E592E00E947783811102C085E1C4CF03
:1095A00020E030E0A9016DE0CE010E9473498823DC
:1095B00011F084E1B9CF0E9484458111FACFD2CF56
:1095C0000F93409178075091790760917A077091D5
:1095D0007B07411551056105710599F0082F26E7B4
:1095E0003BE08091040B9091050B0E94724A882306
:1095F00049F0109278071092790710927A0710922A
:109600007B0781E00F9108950F93CF93C82F80912E
:10961000750B811105C0C1E08C2FCF910F9108957A
:1096200040910B0250910C0260910D0270910E025C
:109630000C2F26E73BE08091040B9091050B0E94D4
:10964000724A811102C0C0E0E7CFCC2321F381E050
:109650000E94E04A8823B9F31092750BDDCF8F92F8
:109660009F92AF92BF92EF92FF920F931F93CF936F
:109670004B015C01C42F80910B0290910C02A091D0
:109680000D02B0910E0288159905AA05BB0551F18E
:1096900081E00E94044B81110BC080E0CF911F91AB
:1096A0000F91FF90EF90BF90AF909F908F90089593
:1096B00086E7E82E8BE0F82E00E012E030E020E0B4
:1096C000B501A4018091040B9091050B0E94D04933
:1096D000882319F380920B0290920C02A0920D0243
:1096E000B0920E024091750B4C2B4093750B81E0AC
:1096F000D5CF4F925F926F927F928F929F92AF924F
:10970000BF92CF92DF92EF92FF920F931F93CF936E
:10971000DF93EC01423051056105710590F480E062
:10972000DF91CF911F910F91FF90EF90DF90CF903D
:10973000BF90AF909F908F907F906F905F904F9071
:10974000089589859A85AB85BC850196A11DB11DBB
:1097500084179507A607B70710F3CB88DC88ED8838
:10976000FE888F89803109F042C0BB27A72F962F32
:10977000852F480159012A013B01C80ED91EEA1E56
:10978000FB1E80910B0290910C02A0910D02B091F2
:109790000E02C816D906EA06FB0699F58F898031B4
:1097A000C1F5B301A201552766277727440F551F3E
:1097B0004A58544FFA01918280828091750B8160E2
:1097C0008093750B8A89823080F08D819E81AF8174
:1097D000B8858C0D9D1DAE1DBF1D8093780790939D
:1097E0007907A0937A07B0937B0781E099CFDB01DB
:1097F000CA01E7E0B695A79597958795EA95D1F7C1
:10980000B8CF40E0C701B6010E942F4B8111C6CFEF
:1098100086CFB301A2014F77552766277727440FDC
:10982000551F440F551F4A58544FFA0180829182A8
:10983000A282B382C2CF8F929F92AF92BF92CF92F9
:10984000DF92EF92FF920F931F93CF93DF93FC0170
:1098500081859285A385B4850196A11DB11D8417CC
:109860009507A607B70770F480E0DF91CF911F91AD
:109870000F91FF90EF90DF90CF90BF90AF909F90AF
:109880008F90089583889488A588B68887898031C9
:1098900089F5BB27A72F962F852FE9016A017B0148
:1098A0008F01BC01CD01680D791D8A1D9B1D809023
:1098B0000B0290900C02A0900D02B0900E02861642
:1098C0009706A806B90601F5F8018789803111F5D8
:1098D000DD24EE24FF24F601EE0FFF1FEA58F44FBB
:1098E00080819181B0E0A0E088839983AA83BB83C3
:1098F00081E0BBCFDB01CA01C7E0B695A79597957C
:109900008795CA95D1F7C9CF40E00E942F4B8111AE
:10991000DBCFAACFE894C7F8DD24EE24FF24F601BC
:10992000EE0FFF1FEE0FFF1FEA58F44F8081918169
:10993000A281B381BF70D8CF4F925F926F927F9216
:10994000AF92BF92CF92DF92EF92FF920F931F934D
:10995000CF93DF9300D01F92CDB7DEB78C01498340
:109960005A836B837C835901C12CD12C7601412C05
:1099700082E0582E612C712C49815A816B817C8147
:109980009E012F5F3F4FC8010E941B4C882339F175
:10999000F8018585A301920104C0220F331F441FE3
:1099A000551F8A95D2F7DA01C901C80ED91EEA1EE1
:1099B000FB1E49815A816B817C818789803111F13D
:1099C00088EF9FEFAFEFBFE0481759076A077B07A3
:1099D00098F2F501C082D182E282F38281E00F9099
:1099E0000F900F900F90DF91CF911F910F91FF90EB
:1099F000EF90DF90CF90BF90AF907F906F905F908F
:109A00004F90089588EF9FEFA0E0B0E0DDCF8F92F8
:109A10009F92AF92BF92CF92DF92EF92FF920F93FD
:109A20001F93CF93DF93EC018D8181110EC080E0F5
:109A3000DF91CF911F910F91FF90EF90DF90CF902A
:109A4000BF90AF909F908F9008950B891C892D89AE
:109A50003E89041715072607370748F34A015B01BB
:109A6000823031F48A869B86AC86BD8681E0E0CF69
:109A700081149104A104B10449F41E821F82188646
:109A800019861A861B861C861D86F0CF0A851B85C3
:109A90002C853D85EB8DFC8D858590E00996B9017F
:109AA000A8014150510961097109082E04C0769539
:109AB0006795579547950A94D2F775016401E1E0DF
:109AC000CE1AD108E108F10804C0F694E794D794BF
:109AD000C7948A95D2F7C416D506E606F70620F095
:109AE000012B022B032B11F58F89988DA98DBA8D2F
:109AF0008E839F83A887B9878E010A5F1F4FC11489
:109B0000D104E104F10409F4ADCF4E815F81688591
:109B1000798598018B8D9C8D0E941B4C91E0C91A10
:109B2000D108E108F1088111EACF81CFC41AD50A22
:109B3000E60AF70AE1CF3F924F925F926F927F92CF
:109B40008F929F92AF92BF92CF92DF92EF92FF924D
:109B50000F931F93CF93DF93CDB7DEB72C970FB63C
:109B6000F894DEBF0FBECDBF5C01DC015B968D902B
:109B70009C905C9716964D905D906D907C90199797
:109B8000411451046104710409F468C0BFEF4B1A19
:109B90005B0A6B0A7B0A312CF40181859285A385CF
:109BA000B4859C01AD012F5F3F4F4F4F5F4F298719
:109BB0003A874B875C87730162011D821E821F8278
:109BC0001886F40181859285A385B4852D813E8117
:109BD0004F815885281739074A075B0708F056C098
:109BE00089859A85AB85BC858C159D05AE05BF051D
:109BF00050F482E0C82ED12CE12CF12C92E0492EB9
:109C0000512C612C712C9E012F5F3F4FB701A60193
:109C1000C4010E941B4C8823C9F189819A81AB81C0
:109C2000BC81892B8A2B8B2B09F1260137019FEFF1
:109C3000491A590A690A790A2D813E814F8158854E
:109C40002F5F3F4F4F4F5F4F2D833E834F8358878A
:109C50003FEFC31AD30AE30AF30AB3CFF4014080FB
:109C60005180628073803324339496CFC414D5041A
:109C7000E604F70409F70FEF1FEF2FEF3FE0B701FE
:109C8000A601C4010E94794B811119C080E02C9675
:109C90000FB6F894DEBF0FBECDBFDF91CF911F91FD
:109CA0000F91FF90EF90DF90CF90BF90AF909F907B
:109CB0008F907F906F905F904F903F900895D50167
:109CC00016964D915D916D917C91199741155105B5
:109CD0006105710539F097018601C4010E94794B35
:109CE0008823A1F2D5011696CD92DD92ED92FC92D9
:109CF0001997332051F0D701C6010196A11DB11D5E
:109D0000F40180839183A283B383F5018789908DC9
:109D1000A18DB28D892B8A2B8B2B39F48481C78A34
:109D2000D08EE18EF28E80688483F501848180621A
:109D3000848381E0ACCF2F923F924F925F926F92DB
:109D40007F928F929F92AF92BF92CF92DF92EF92CB
:109D5000FF920F931F93CF93DF93EC015B012A01D6
:109D60008D81811115C08FEF9FEFDF91CF911F91F2
:109D70000F91FF90EF90DF90CF90BF90AF909F90AA
:109D80008F907F906F905F904F903F902F900895AD
:109D90008C8180FFE8CF0B891C892D893E894A85FB
:109DA0005B856C857D85C201B0E0A0E0680179012A
:109DB000C41AD50AE60AF70AC816D906EA06FB0647
:109DC00018F42801441A550A42011E0126E0220E09
:109DD000311C8114910409F4B3C04A855B856C85FC
:109DE0007D856A0181E0D8228B8D9C8D8A019B0143
:109DF000E9E03695279517950795EA95D1F7ED8116
:109E0000E230E1F5FC01628D738D848D958D600FDC
:109E1000711F821F931F612C22E0722E6C187D0827
:109E20008614970408F434012C8126FD04C06114C3
:109E3000F2E07F0671F400910B0210910C02209168
:109E40000D0230910E02061717072807390709F08F
:109E500053C040E00E942F4B882309F484CFC601F1
:109E60008A58944FD5019C01260D371DFC012E17F1
:109E70003F0709F460C041914D93F9CFFC01748014
:109E80007A947022C114D10471F471100CC0452B66
:109E9000462B472B39F58F89988DA98DBA8D8E83E6
:109EA0009F83A887B987EB8DFC8D6E817F81888524
:109EB00099856250710981099109258504C0660F51
:109EC000771F881F991F2A95D2F706851785208945
:109ED0003189600F711F821F931F670D711D811DD6
:109EE000911D99CF4E815F816885798591010E948E
:109EF0001B4C8111D8CF37CF750183019601AB017F
:109F0000BC018091040B9091050B0E94D0498823DD
:109F100009F429CFA60CB71C8A859B85AC85BD8525
:109F2000860D971DA11DB11D8A879B87AC87BD87B4
:109F3000861897084ECF281B390BA20EB31EECCF04
:109F4000C20113CFCF93DF931F92CDB7DEB741E0AD
:109F500050E0BE016F5F7F4F0E949B4E019731F42E
:109F6000898190E00F90DF91CF9108958FEF9FEF5F
:109F7000F9CFFC01818D928D009711F00C94A24FC6
:109F80008FEF9FEF08950F931F93CF93DF93EC0113
:109F9000898D9A8D10E000E0009799F00E94A24F01
:109FA0008C010F3F100769F0898D9A8DFC01428565
:109FB00053856485758541505109610971090E9475
:109FC000074DC801DF91CF911F910F9108951F9305
:109FD000CF93DF93FC0125812223D1F1162FEC01D1
:109FE000848187FF2AC0668577858089918941E0D1
:109FF0000E942F4B882361F1EA8980E2E89FF001FB
:10A000001124EA58F44F309719F18D81823040F4D1
:10A010008B899C89AD89BE89848F958FA68FB78FD8
:10A020008F89988D938F828F8F89988DA98DBA8D06
:10A03000B58BA48B8C818F778C83111103C08C819D
:10A040008F7E8C83812FDF91CF911F910C94044BD5
:10A0500080E0DF91CF911F910895FF920F931F939E
:10A06000CF93DF93EC018D81813041F090E080E06F
:10A07000DF91CF911F910F91FF9008958C8181FF07
:10A08000F5CF82FD1BC00091040B1091050BC80198
:10A090000E945D490E948445F82EC8010E944F49E4
:10A0A0008FEFF812E3CF8C8185FF1BC060E0CE01FB
:10A0B0000E94E74F8C818F7D8C83D8CF4B895C8940
:10A0C0006D897E898A859B85AC85BD8584179507BA
:10A0D000A607B707C1F2CE010E94074D8111D3CF69
:10A0E000C5CF409178075091790760917A077091B8
:10A0F0007B07452B462B472B21F080E00E94E04A4E
:10A10000B5CF80618C832A853B85317080E092E0F9
:10A11000821B930BADCFCF93DF93EC0161E00E94E4
:10A12000E74F882311F01D8281E0DF91CF910895E0
:10A130002F923F924F925F926F927F928F929F9257
:10A14000AF92BF92CF92DF92EF92FF920F931F9345
:10A15000CF93DF93CDB7DEB7C258D1090FB6F894CD
:10A16000DEBF0FBECDBF6C015B0188EE482E83E0E1
:10A17000582E612C712C0AEB12E09BE5892E912C54
:10A180008C0E9D1E8CE0880E911C1B019FEF291ADE
:10A19000390AD6015996ED90FC90F70185818230FD
:10A1A00008F48DC082859385A485B5858F71992724
:10A1B000AA27BB27892B8A2B8B2B09F080C040E272
:10A1C00050E0BE016F5F7F4FC7010E949B4E8032FF
:10A1D00009F075C08981882309F471C0853E79F33F
:10A1E0008E3269F38C8583FDEACF22961FAE1EAEB8
:10A1F00022978AEF92E09FAF8EAF24961FAE2497EE
:10A20000BE016F5F7F4FE0E080E04EE2DB019D9199
:10A21000BD019032A1F0883049F426E730E02C0FE0
:10A220003D1F2E0F311DD9014C93EF5F26E730E023
:10A230002C0F3D1F2E0F311DD9019C93EF5F8F5FB7
:10A240008B3021F786E790E08C0F9D1F8E0F911DBC
:10A25000FC011082D60159966D917C91AE014A584D
:10A260005F4FCE01CE960E949283882341F1BE01BA
:10A27000625C7F4FCE0181960E948745AE014A58AD
:10A280005F4FBE016F5D7F4FCE01855A9F4F0E9489
:10A29000D745E696EEADFFADE697309709F493C04B
:10A2A0008581882309F48FC0F12CFA141B04ECF487
:10A2B00069E083E19EE00E946794F394F6CF6F9685
:10A2C0001FAE1EAE6F97A3964CAE5DAE6EAE7FAE68
:10A2D000A3976D961FAF0EAF6D97E6961FAE1EAE9D
:10A2E000E697A8961FAEA897D4CFC4010E94D39337
:10A2F000E696EEADFFADE697309709F449C085814B
:10A30000823008F445C063E873E083E19EE00E9478
:10A3100050946F968EAD9FAD6F979C838B83A39661
:10A320008CAD9DADAEADBFADA3978D839E83AF8346
:10A33000B887A7968CAD9DADAEADBFADA797898709
:10A340009A87AB87BC871A8309838DE0F401DE010D
:10A350001D9601900D928A95E1F7E6968EAD9FAD20
:10A36000E6979B8F8A8FB101CE0101960E9498508B
:10A37000E6968EAD9FADE697009709F40ACF0E944E
:10A380008B50E6968EAD9FADE6970E94C2AF01CF8F
:10A3900081E493E00E94D393E696EEADFFADE6979D
:10A3A00040E050E0BA01309721F043895489658933
:10A3B00076892AE083E19EE00E94DD9383E19EE0BE
:10A3C0000E942994D5CFCE57DF4F0FB6F894DEBF49
:10A3D0000FBECDBFDF91CF911F910F91FF90EF90F6
:10A3E000DF90CF90BF90AF909F908F907F906F90B5
:10A3F0005F904F903F902F900895FC01818D928D3A
:10A40000009719F061E00C94E74F08952F923F9266
:10A410004F925F926F927F928F929F92AF92BF9274
:10A42000CF92DF92EF92FF920F931F93CF93DF9320
:10A4300000D01F921F92CDB7DEB77C015B01342E96
:10A440005D83DC0115968C911597813009F0CEC0A3
:10A4500014962C9021FECAC022FCB4C0C32CDD800F
:10A4600022947FE027222094B22DB1702B2ED701A9
:10A470001A964D915D916D917C911D97C114D104F7
:10A4800009F428C15B968D919C915C97FC017480C6
:10A490007A948A019B0169E036952795179507956F
:10A4A0006A95D1F770228A011170711020C00115D0
:10A4B0001105E9F416964D915D916D917C91199776
:10A4C000411551056105710509F099C057968D91A7
:10A4D0009D910D90BC91A02D0097A105B10509F0AB
:10A4E000B0C0C7010E949B4D882309F47FC080E063
:10A4F00092E0801B910B46018C159D0508F44C01E0
:10A50000D7015B964D915C915C9716968D919D91CC
:10A510000D90BC91A02D0297A109B109FA012585E2
:10A5200004C0880F991FAA1FBB1F2A95D2F7468522
:10A53000578560897189840F951FA61FB71F9C01DD
:10A54000AD01270D311D411D511D29013A01811415
:10A5500032E0930609F07BC080910B0290910C02CF
:10A56000A0910D02B0910E0284159505A605B705C0
:10A5700059F48FEF9FEFDC0180930B0290930C0254
:10A58000A0930D02B0930E02022D9501B301A2011A
:10A590008091040B9091050B0E94724A882331F13F
:10A5A0009EEFB91AC818D908F70182859385A4854A
:10A5B000B585880D991DA11DB11D82879387A4873C
:10A5C000B58755CFF7014389548965897689828596
:10A5D0009385A485B585481759076A077B0709F451
:10A5E0003DCFC7010E94074D811138CF81E090E037
:10A5F000D70113969C938E93129780E007C09E011B
:10A600002F5F3F4F0E941B4C811102C090E079C028
:10A6100089819A81AB81BC81F701238D348DF90149
:10A62000278948EF5FEF60E070E0203121F048EFCC
:10A630005FEF6FEF7FE084179507A607B70708F075
:10A6400050CFF70186839783A087B18750CF01153C
:10A65000110599F5D7011A964D915D916D917C91F7
:10A660001D9753968D919D910D90BC91A02D4817EB
:10A6700059076A077B0708F181E00E94044B882391
:10A6800009F4B4CF40920B0250920C0260920D027A
:10A6900070920E028091750B81608093750BC801DA
:10A6A0008A58944FD5019C01280D391DFC012E17A5
:10A6B0003F0759F04D914193FACF41E0C301B201F8
:10A6C0000E942F4B8111EBCF91CF281B390BA20E8B
:10A6D000B31E68CFF70183899489A589B689841749
:10A6E0009507A607B70738F48481438B548B658B95
:10A6F000768B80688483F701848183FD1AC0832D63
:10A700009D810F900F900F900F900F90DF91CF9140
:10A710001F910F91FF90EF90DF90CF90BF90AF907F
:10A720009F908F907F906F905F904F903F902F9071
:10A73000089561E0C7010E94E74F882309F456CFCE
:10A74000DECFCF93DF931F92CDB7DEB7698341E0B1
:10A7500050E0BE016F5F7F4F0E9406520F90DF9165
:10A76000CF910895CF93DF93EC01E98DFA8D309767
:10A7700049F481E090E09B838A8390E080E0DF9160
:10A78000CF91089513821282898D9A8D0E9406526C
:10A79000E98DFA8D22813381232B59F7F0CF1F9356
:10A7A000CF93DF93182F80E591E00E945A49812FC3
:10A7B0000E94DC48EC0163E070E0812F0E941B489E
:10A7C000873121F08C3111F0D0E0C0E0CE01DF9173
:10A7D000CF911F910895FC018485883010F40C946A
:10A7E000CF5390E080E008951F93CF93DF931F92A3
:10A7F000CDB7DEB7182F80E591E00E945A49812F2E
:10A800000E94DF0627E0129FF0011124E15AF74F62
:10A8100022813381377041E050E0BE016F5F7F4F8E
:10A82000820F931F0E944C4689810F90DF91CF9138
:10A830001F910895FC01808D883040F4218D328D68
:10A84000232B21F00E94F45390E008958FEF9FEFA7
:10A850000895CF93DF93FC012485283028F08FEFF3
:10A860009FEFDF91CF910895EC010190F081E02DF1
:10A870000084F185E02D1995892B89F38C850E9440
:10A88000F45390E0EECF1F93CF93DF93182F87E020
:10A89000189FE0011124C15AD74F888199810097F0
:10A8A00061F480E591E00E945A49812F0E94194984
:10A8B0002E81821B910999838883DF91CF911F910B
:10A8C0000895FC018485883010F40C94435490E082
:10A8D00080E008954F925F927F928F929F92AF9205
:10A8E000BF92CF92DF92EF92FF920F931F93CF937D
:10A8F000DF931F921F92CDB7DEB7782E6B014A010E
:10A90000A82EB12C27E0829FC0011124FC01E15A3E
:10A91000F74F7F010081118180E591E00E945A4943
:10A920000815190554F4872D0E941949F70126814D
:10A930008C01021B1109118300830115110529F5F2
:10A9400063E070E0872D0E941B48843159F0882312
:10A9500049F001E010E08C3111F410E000E01195B5
:10A9600001951109C8010F900F90DF91CF911F91B0
:10A970000F91FF90EF90DF90CF90BF90AF909F909E
:10A980008F907F905F904F900895801691060CF401
:10A99000840187E08A9DF0018B9DF00D1124E15A1E
:10A9A000F74FE280F380C114D10451F12701F7E0A1
:10A9B0005F22872D0E94DF06840D951D2091020BDA
:10A9C000273309F453C09801240D351D2130384038
:10A9D00008F44CC020E038E0490184189508A4012F
:10A9E000B6010E944C462601480C591C6801C81843
:10A9F000D908872D0E94DF06A601B2010E944C46AD
:10AA0000E00EF11E87E08A9DF0018B9DF00D112470
:10AA1000E15AF74FF382E28220813181201B310B12
:10AA2000318320838681800F912F911D8A3F91056C
:10AA300010F4232BF1F487E08A9DF0018B9DF00D3B
:10AA40001124E15AF74F1682F982EA8222E030E0BF
:10AA5000AE014F5F5F4F68E270E0872D0E94C147F3
:10AA600060E470E0872D0E9438487CCFA801B601D1
:10AA7000C5CF868377CFCF93DF93FC01218D328DB5
:10AA80002115310529F48FEF9FEFDF91CF910895C4
:10AA9000EC01808D4217530708F0A9010E946A5407
:10AAA0001816190684F7298D3A8D281B390B3A8F11
:10AAB000298FEBCF0F931F93CF93DF931F92CDB7C7
:10AAC000DEB7FC01218D328D232B41F48FEF9FEFF8
:10AAD0000F90DF91CF911F910F9108958C0141E06C
:10AAE00050E0BE016F5F7F4FFC01808D0E946A5471
:10AAF000181619065CF7F801818D928D0197928FD7
:10AB0000818F898190E0E4CF0F931F93CF93DF93E0
:10AB100000D000D01F921F92CDB7DEB78C01D801B4
:10AB200059964D915C915A974115510551F0ED910F
:10AB3000FC91048CF58DE02D70E060E0C801199562
:10AB4000EECFF801808D0E944354892BB1F148E08B
:10AB500050E0BE016F5F7F4FD80158968C910E94E4
:10AB60006A5418161906F4F4D801509684E0FE01D0
:10AB7000319601900D928A95E1F78D8190E0982FA2
:10AB800088272E81820F911DF801958B848B8F81F0
:10AB9000282F30E0322F22278885820F932F911D96
:10ABA000928F818F28960FB6F894DEBF0FBECDBF6F
:10ABB000DF91CF911F910F91089590E080E0F2CF47
:10ABC000CF93DF931F92CDB7DEB741E050E0BE01D7
:10ABD0006F5F7F4FFC0184850E946A541816190626
:10ABE00034F4898190E00F90DF91CF9108958FEF39
:10ABF0009FEFF9CFFC018485883010F40C946A54DF
:10AC000090E080E00895CF93C82F80E591E00E9406
:10AC10005A4968E070E08C2FCF910C943848CF935C
:10AC2000C82F80E591E00E945A4960E170E08C2FC6
:10AC3000CF910C943848CF92DF92EF92FF920F930E
:10AC40001F93CF93DF9300D000D0CDB7DEB78C0138
:10AC50006B017A01FC01808D883010F40E940F5640
:10AC600082E193E09A838983F60182819381A481B2
:10AC7000B5818B839C83AD83BE83B701CE010196E2
:10AC80000E94D68DF801808F8830A0F4F586E48686
:10AC9000128E118E81E026960FB6F894DEBF0FBE9D
:10ACA000CDBFDF91CF911F910F91FF90EF90DF907B
:10ACB000CF90089580E0EFCFCF93DF93EC01888DA4
:10ACC000883020F40E940F5688E0888FDF91CF9162
:10ACD0000895CF93C82F80E591E00E945A4963E020
:10ACE00070E08C2FCF910C941B48CF93DF93EC0135
:10ACF0008C858830D0F40E946956843189F088238D
:10AD000079F0883169F021E08C3159F4E881F981DA
:10AD10000084F185E02DCE01199521E0892B09F4FD
:10AD200020E0822FDF91CF91089580E0FBCFCF927A
:10AD3000DF92EF92FF92CF93DF93EC018C85883006
:10AD400068F40E9403560E941A3F6B017C018C85B7
:10AD50000E946956811109C088E08C87DF91CF91EC
:10AD6000FF90EF90DF90CF90089561E070E080E079
:10AD700090E00E94E83E0E941A3FAB01BC014C19D2
:10AD80005D096E097F098D859E85B0E0A0E04817BA
:10AD900059076A077B07D8F28C850E940F56DCCFD3
:10ADA000CF93DF93EC018C85883060F40E94695664
:10ADB000873111F08C3131F48C850E94CF5381158D
:10ADC000984088F3DF91CF910895CF92DF92EF9270
:10ADD000FF920F931F93CF93DF93CDB7DEB7AF975B
:10ADE0000FB6F894DEBF0FBECDBF8C016B017A01A8
:10ADF00082E193E09A8389831B821C821D821E82DA
:10AE00001C861B8648EE53E060E070E04D875E874D
:10AE10006F87788B2CE232E03A872987988F8F8B67
:10AE2000198E1A8E1B8E1C8E28E029A39BA78AA739
:10AE30001CA61DA61EA61FA6D8011C968C918830A4
:10AE400060F40E946956882321F0F80184850E94ED
:10AE5000035688E0D8011C968C938091100F909136
:10AE6000110FA091120FB091130F8EA39FA3A8A74B
:10AE7000B9A78B839C83AD83BE8318861F82AE01E6
:10AE8000465D5F4FB601CE0101960E94768B00971A
:10AE9000C1F0D801ED91FC910684F785E02D82E1A7
:10AEA00093E09DA38CA38CA59DA5AEA5BFA58EA365
:10AEB0009FA3A8A7B9A7A701BE016C5D7F4FC801DA
:10AEC0001995AF960FB6F894DEBF0FBECDBFDF91D8
:10AED000CF911F910F91FF90EF90DF90CF90089549
:10AEE0008F929F92AF92BF92CF92DF92EF92FF929A
:10AEF0000F931F93CF93DF9300D000D000D01F9209
:10AF0000CDB7DEB79091020B911115C018E0812FDB
:10AF10002A960FB6F894DEBF0FBECDBFDF91CF915A
:10AF20001F910F91FF90EF90DF90CF90BF90AF9067
:10AF30009F908F90089528E0F22E933311F494E0BF
:10AF4000F92E6B01082F80E591E00E945A499E017D
:10AF50002F5F3F4F5901490110E063E070E0812FFE
:10AF60000E941B48F40181934F018823C1F01F5FA9
:10AF7000F112F3CFF12CF50191915F019D3149F070
:10AF8000983139F09A51923020F0F3941F11F3CF99
:10AF9000BDCF60E170E08F2D0E9438481F2DE12E5B
:10AFA000F12C83EE93E00197F1F7402F70E060E021
:10AFB000812F0E94FE474FEF62E070E0812F0E94D8
:10AFC000FE47B601CD2889F48091030290910402D6
:10AFD00001968115F0EC9F0798F1909304028093FD
:10AFE00003026091030270910402812F0E94E847DE
:10AFF00061E070E0812F0E94384827E02E9DC0015B
:10B000002F9D900D11249C01215A374F7901F90190
:10B010001182108222E030E0AE01475F5F4F68E2AC
:10B0200070E0812F0E94484889859A859827892752
:10B030009827F7019383828316821582148267CF43
:10B0400080E090ECCACF0F931F93CF93DF93EC0176
:10B050008B01888D883010F40E940F56B80182E071
:10B060000E947057888F883050F41D870C871A8E85
:10B07000198E81E0DF91CF911F910F91089580E0AB
:10B08000F9CF9F92AF92BF92CF92DF92EF92FF9251
:10B090000F931F93CF93DF938C015B01942EE52ECA
:10B0A000FC01C688D788F08C80E591E00E945A495F
:10B0B0008F2D0E94DC48C92DDE2D8C179D0708F4CA
:10B0C000EC019E01A501B6018F2D0E945948F8019F
:10B0D000868997898C0F9D1F978B868BCE01DF9178
:10B0E000CF911F910F91FF90EF90DF90CF90BF9085
:10B0F000AF909F900895CF93FC01C08D80E591E0C3
:10B100000E945A4960E270E08C2F0E94384862E049
:10B1100070E08C2F0E941B4884FD16C062E070E036
:10B120008C2F0E941B4883FF0AC048E162E070E058
:10B130008C2F0E94FE4780E090E0CF91089580E53B
:10B1400091E00E945A49E3CF40E162E070E08C2F29
:10B150000E94FE4781E0F0CFFF920F931F93CF93A1
:10B16000DF93EB01FC01178A168A2A81211109C09D
:10B170002B81211106C02C81211103C02D81222396
:10B1800001F141155105E9F08A01FC01F08C80E5DF
:10B1900091E00E945A49AE014E5F5F4F24E030E0DB
:10B1A0006CE070E08F2D0E94C147B8018F2D0E9486
:10B1B000D24781E090E0DF91CF911F910F91FF90F6
:10B1C000089580E0F7CF0F931F93CF93DF931F92E3
:10B1D0001F92CDB7DEB7FC0124852830E0F48C0146
:10B1E00080E591E00E945A4922E030E0AE014F5FD5
:10B1F0005F4F60E170E0F80184850E9448488981D2
:10B200009A819827892798270F900F90DF91CF91E7
:10B210001F910F91089590E080E0F6CFEF92FF929A
:10B220000F931F93CF93DF9300D01F92CDB7DEB75C
:10B230008C017B01FB0184858830A8F082E193E0DA
:10B24000F801918380831282138214821582C801CF
:10B250000F900F900F900F90DF91CF911F910F9152
:10B26000FF90EF90089580E591E00E945A4924E014
:10B2700030E0AE014F5F5F4F6CE070E0F701848516
:10B280000E94484882E193E0F8019183808389819C
:10B290009A81AB81BC8182839383A483B583D7CF0A
:10B2A0000F931F93CF93DF931F921F92CDB7DEB7FB
:10B2B000FC0124852830E0F48C0180E591E00E94B7
:10B2C0005A4922E030E0AE014F5F5F4F64E070E02A
:10B2D000F80184850E94484889819A8198278927A6
:10B2E00098270F900F90DF91CF911F910F910895A4
:10B2F00090E080E0F6CF8F929F92AF92BF92CF9274
:10B30000DF92EF92FF920F931F93CF936C015B013B
:10B310008A01FC01C485C830F0F57A0141305840FB
:10B3200018F0E12C88E0F82E80E591E00E945A495F
:10B330008C2F0E94DC484C0163E070E08C2F0E944F
:10B340001B48873111F08C3149F58E149F0460F34E
:10B3500080E591E00E945A499701A50170E060E004
:10B360008C2F0E94594860E270E08C2F0E94384870
:10B3700062E070E08C2F0E941B4884FD17C063E0E0
:10B3800070E08C2F0E941B4881110BC081E090E07F
:10B39000F6019383828310E000E010C0F12CE12CD1
:10B3A000D7CF80E591E00E945A49E2CF40E162E0C8
:10B3B00070E08C2F0E94FE47EF2841F3C801CF9127
:10B3C0001F910F91FF90EF90DF90CF90BF90AF90C3
:10B3D0009F908F900895CF92DF92EF92FF921F93EC
:10B3E000CF93DF93EC017B016A018C85883048F4B0
:10B3F0000E946956882319F08C850E94035688E0C4
:10B400008C87F70182819381A481B5810097A10582
:10B41000B10551F490E080E0DF91CF911F91FF9052
:10B42000EF90DF90CF9008958F3F9F4FAF4FBF4F6A
:10B4300089F370E060E081E20E947057182F8C87DA
:10B44000883040F780E591E00E945A49A7014E5F9D
:10B450005F4F24E030E06CE070E0812F0E94C14734
:10B46000B601812F0E94D24764E070E0812F0E94D4
:10B4700038480E941A3F6B017C018C850E946956F6
:10B48000873111F18C3101F1882321F20E941A3F9A
:10B49000AB01BC014C195D096E097F098D859E8544
:10B4A000B0E0A0E084179507A607B70738F061E081
:10B4B00070E080E090E00E94E83EDFCF8C850E9443
:10B4C0000F5688E08C87A6CF81E090E0A5CF8F92C1
:10B4D0009F92AF92BF92CF92DF92EF92FF920F9323
:10B4E0001F93CF93DF93EC018B0149015A018C89A3
:10B4F0009D89AE89BF89BA01A901E3E0440F551FB8
:10B50000661F771FEA95D1F7480F591F6A1F7B1FE7
:10B510004C8B5D8B6E8B7F8B481759076A077B07B7
:10B5200060F4488D598D6A8D7B8D4F5F5F4F6F4FF3
:10B530007F4F488F598F6A8F7B8F33E0B695A795E1
:10B54000979587953A95D1F78F739927AA27BB27A7
:10B55000B501A401480F591F6A1F7B1FC12CD12CB4
:10B560007601403451056105710530F120E4C22EA9
:10B57000D12CE12CF12CC81AD90AEA0AFB0A4C9604
:10B58000A601B8018C0F9D1F0E9446B1BE01645EEA
:10B590007F4FCE010E944707B8016C0D7D1DD7017A
:10B5A000C601CF96A11DB11D88159905AA05BB0539
:10B5B000D0F080E090E0DC014C96A4014C195D09CC
:10B5C000B8016C0D7D1D8C0F9D1FDF91CF911F91D8
:10B5D0000F91FF90EF90DF90CF90BF90AF909F9032
:10B5E0008F900C9446B1CE010E94470780E4C80EAC
:10B5F000D11CE11CF11CD0CF80343CF4E82F880F23
:10B60000FF0BEC5BFC4F808108958DE30895982F2C
:10B6100080336CF08A3324F08F3524F08B3724F498
:10B6200081E0089581341CF081E09B350CF080E0CE
:10B630000895DF92EF92FF920F931F93CF93DF93C2
:10B6400000D01F92CDB7DEB76115710581F460E0BF
:10B6500070E08FEF9D2D0F900F900F900F90DF9166
:10B66000CF911F910F91FF90EF90DF9008957A0195
:10B670008B01BA01FC0180810E94CE3069837A83FC
:10B680008B839C83E981FA81309709F3A681B78186
:10B69000F80101900020E9F731979F01201B310B41
:10B6A00090E080E0109741F0FD0101900020E9F763
:10B6B000CF0101978A1B9B0B2817390769F4C80132
:10B6C000A901400F511F4817590761F0FC01319142
:10B6D000CF012D913217B9F3B701CE0101960E9427
:10B6E000DD33D0CF69817A818B81DC80B3CFFC01DF
:10B6F000438154816581768181819281009741F0F7
:10B70000FC01248125FF04C00E94195BCB01089530
:10B7100090E080E00895FC01408151816281738155
:10B72000CA014A9641F0FA01268D25FF04C00E9405
:10B73000195BCB01089590E080E00895CF93DF93EB
:10B74000FC01C081D1810E948B5B009761F0FC01FC
:10B75000248125FF08C0382F292F632F722FCE0197
:10B76000DF91CF91089530E020E0F7CFFC01828592
:10B7700081110AC0A781B085CD010196908787838A
:10B780008C91818781E08287818508951F93CF9373
:10B79000DF93EC01162F0E94B65B811306C01A8658
:10B7A00081E0DF91CF911F91089580E0FACF0F9350
:10B7B0001F93CF93DF938C01EB018991882369F06C
:10B7C000C8010E94B65B882379F0FE013197908111
:10B7D00098130DC0F8011286F0CF90E080E0DF9161
:10B7E000CF911F910F91089582E090E0F8CF83E010
:10B7F00090E0F5CFCF93DF93EC01CE010E94B65BD2
:10B800008B304CF489305CF4882359F081E08E83CE
:10B8100090E080E00BC08D3011F08032B9F71A86CD
:10B82000ECCF8E81811105C081E090E0DF91CF9156
:10B83000089582E090E0FACF0F931F93FB010081FF
:10B84000118122813381FC0101831283238334839C
:10B85000568345831F910F910895EF92FF920F93A6
:10B860001F93CF93DF9300D000D01F921F92CDB7CC
:10B87000DEB7DC01CB018A0179019A012E0D3F1D53
:10B880003A8329835C834B831E821D82B887AF83F2
:10B890000097C9F0BE016F5F7F4F0E94163A8E1568
:10B8A0009F0520F4F801E80FF91F108228960FB6C3
:10B8B000F894DEBF0FBECDBFDF91CF911F910F91E6
:10B8C000FF90EF9008956CE273E0CE0101960E9424
:10B8D000FF378D819E81E3CFFC0180E092E0918370
:10B8E0008083128214821382CF010596968B858BFA
:10B8F000178A84E0808F8FEF818F168E0895EF92E4
:10B90000FF920F931F93CF93DF9300D01F92CDB779
:10B91000DEB77C018B0144E050E0CE0101960E942D
:10B920002EAD89819A81AB81BC81F7018483958397
:10B93000A683B783B8016C5F7F4F44E050E0CE012F
:10B9400001960E942EAD89819A81AB81BC81F7015D
:10B9500084879587A687B787B801685F7F4F44E0E3
:10B9600050E0CE0101960E942EAD89819A81AB8173
:10B97000BC81F701808B918BA28BB38BB801645F84
:10B980007F4F44E050E0CE0101960E942EAD8981A8
:10B990009A81AB81BC81F701848B958BA68BB78B89
:10B9A000B801605F7F4F44E050E0CE0101960E94F5
:10B9B0002EAD89819A81AB81BC81F701878F90A3DD
:10B9C000A1A3B2A3C80144960E9446AD21E0892BF1
:10B9D00009F420E0F701248FC80146960E9446AD85
:10B9E000F701968F858FC80148960F900F900F90A2
:10B9F0000F90DF91CF911F910F91FF90EF900895DD
:10BA00004F925F926F927F928F929F92AF92BF926E
:10BA1000CF92DF92EF92FF920F931F93CF93DF931A
:10BA2000EB01DC012C912B32D9F12D32D1F50196AD
:10BA3000FF24F394FC01208130ED320F3A3018F0EE
:10BA40002E3209F042C18C0160E070E0CB01F801B8
:10BA5000219130ED832E820E39E0381520F16A39BC
:10BA600049E97407840749E1940738F5AAE0B0E092
:10BA70009B01AC010E9479AD912CB12CA12C240129
:10BA800035014094509460947094461657066806A9
:10BA9000790698F0680D791D8A1D9B1D8F01D7CFFF
:10BAA0000196F12CC7CF211108C0FF20E9F16130C8
:10BAB0007105810550E89507A0F0E12CBAE08B2EC6
:10BAC000912CA12CB12C6115710530E883079105EB
:10BAD000B0F1A50194010E948CADCA01B901E394B3
:10BAE000F2CF2C8120782A602C839B01AC0188271F
:10BAF0009927DC01821B930BA40BB50B88839983D8
:10BB0000AA83BB838F2DDF91CF911F910F91FF905F
:10BB1000EF90DF90CF90BF90AF909F908F907F90ED
:10BB20006F905F904F9008952C81207828602C832F
:10BB3000688379838A839B83FF24F394E3CFF8019E
:10BB4000D8012D918D0130ED320F3A3010F4E3948D
:10BB5000F6CF2E3201F58F010F5F1F4FF8010F5FF7
:10BB60001F4F2081A0EDDA2ED20EB9E0BD1598F05E
:10BB70006C3CECEC7E07ECE08E07910578F7AAE0D0
:10BB8000B0E09B01AC010E9479AD6D0D711D811D6E
:10BB9000911DEA94E3CF20812F7D10E000E0253451
:10BBA00009F05BC021812D32D1F53296CC24C394AB
:10BBB000DF0110E000E02E2D0E2C000C330B5AE0BC
:10BBC000B52EFD01DD9040ED4D0D4A3008F040C02E
:10BBD000B09EA001B19E500D11240D2DDD0C110B56
:10BBE00000531109040F151FA801420F531F4732BC
:10BBF00051053CF38C81CC20C9F040E050E060E07E
:10BC000070E8F11003C040E050E0BA0180788C6029
:10BC10008C83488359836A837B83FC2C73CF2B32BC
:10BC200019F03196C12CC4CF3296FCCF40E050E0E1
:10BC300060E87FEFF11004C040E050E060E87FE78B
:10BC400080788C608C83488359836A837B8374CF2C
:10BC5000CC2019F01195019511092081211135C0D1
:10BC60000E0D111DE7FC1A950E940CAC39E4C32E91
:10BC700035E0D32E101611063CF0119501951109EF
:10BC800041E3C42E45E0D42EE12C0115110591F0BD
:10BC900000FF0CC024E0E29EF0011124EC0DFD1D1C
:10BCA00025913591459154910E946DAC159507955C
:10BCB000E394EBCFF11090582C8120782C602C83EA
:10BCC000688379838A839B8337CFF12C1BCFCF92F4
:10BCD000DF92EF92FF92CF93DF9300D01F921F92DB
:10BCE000CDB7DEB7FC0184818F778630A1F040F4B8
:10BCF000843051F18530A9F160E070E0CB010FC0D4
:10BD00008A30C9F08C30A9F18830B1F76081718137
:10BD10008281938104C0608170E090E080E00F90A8
:10BD20000F900F900F900F90DF91CF91FF90EF90B9
:10BD3000DF90CF90089580819181A281B381B7FD7A
:10BD4000DBCFBC01CD01EBCF808191811D82BE0193
:10BD50006F5F7F4F0E94005DCE0101960E94675E7B
:10BD6000DECF808191811D82BE016F5F7F4F04967F
:10BD7000F1CFC080D180E280F38020E030E0A901E3
:10BD8000C701B6010E94D2AE87FDB6CF2FEF3FEFBD
:10BD90004FE75FE4C701B6010E9407AC18160CF428
:10BDA000ABCFC701B6010E94A3AEB9CFCF92DF924D
:10BDB000EF92FF92CF93DF9300D01F921F92CDB7E7
:10BDC000DEB7FC0184818F778630C1F030F4843097
:10BDD00011F1853069F180E012C08A3021F08C3099
:10BDE00079F18830C1F780819181A281B3818F3F41
:10BDF0009105A105B10519F010F0EDCF80810F90EC
:10BE00000F900F900F900F90DF91CF91FF90EF90D8
:10BE1000DF90CF900895808191811D82BE016F5F78
:10BE20007F4F0E94005DCE0101960E94D65EE7CF53
:10BE3000808191811D82BE016F5F7F4F0496F1CF9B
:10BE4000C080D180E280F38020E030E0A901C7010A
:10BE5000B6010E94D2AE87FDBECF20E030E04FE7B2
:10BE600053E4C701B6010E9407AC18160CF4B3CF17
:10BE7000C701B6010E94A3AE862FC1CF0E948B5B83
:10BE8000009711F00C94D65E80E00895CF92DF9277
:10BE9000EF92FF92CF93DF9300D01F921F92CDB706
:10BEA000DEB7FC0184818F778630D9F040F484308E
:10BEB000A9F1853009F43FC090E080E014C08A30D9
:10BEC000F1F08C3009F43FC08830B1F78081918166
:10BED000A281B381811520E89207A105B10560F721
:10BEE00002C0808190E00F900F900F900F900F9004
:10BEF000DF91CF91FF90EF90DF90CF9008958081F8
:10BF00009181A281B381AC01BD0150586F4F7F4F29
:10BF1000411551056140710578F6E5CF8081918129
:10BF20001D82BE016F5F7F4F0E94005DCE010196B2
:10BF30000E94465FD8CF808191811D82BE016F5FD4
:10BF40007F4F0496F1CFC080D180E280F38020E063
:10BF500030E040E057ECC701B6010E94D2AE87FD49
:10BF6000ABCF20E03EEF4FEF56E4C701B6010E9491
:10BF700007AC18160CF4A0CFC701B6010E949CAE06
:10BF8000CB01B1CF0E94503C009711F00C94465F5A
:10BF900090E080E00895CF93DF9300D01F921F922E
:10BFA000CDB7DEB7FC0194819F77963091F030F4E5
:10BFB000943020F560E070E0CB0111C09A30B9F008
:10BFC0009C3051F19830B1F7608171818281938109
:10BFD00004C0608170E090E080E00E940CAC0F90A3
:10BFE0000F900F900F900F90DF91CF910895608187
:10BFF0007181828193810E940EACF1CF8081918109
:10C000001D82BE016F5F7F4F04960E94005DCE01CE
:10C0100001960E94CB5FE3CF608171818281938121
:10C02000DECF0E94503C009711F00C94CB5F60E093
:10C0300070E0CB0108950E94775B009711F00C949B
:10C04000CB5F60E070E0CB010895FF920F931F93E8
:10C05000CF93DF93EC01F62E8A819B810097C9F084
:10C060006C817D81FC0123812617170691F40881DC
:10C070001981F80140815181660F771F6F5F7F4FF3
:10C080000E94FE34009719F421E0F80122839B837B
:10C090008A838A819B81009759F02C813D81A90177
:10C0A0004F5F5F4F5D834C83820F931FFC01F482CF
:10C0B000DF91CF911F910F91FF9008959F92AF92C2
:10C0C000BF92CF92DF92EF92FF920F931F93CF9385
:10C0D000DF9300D01F921F92CDB7DEB78C010E9474
:10C0E000B65BD82EF8011286F12CE12C60EFC62E3B
:10C0F000C8010E94B65BF8011286D81609F4B3C0D5
:10C10000811113C082E090E00F900F900F900F907C
:10C110000F90DF91CF911F910F91FF90EF90DF90E3
:10C12000CF90BF90AF909F9008958C3509F099C043
:10C13000C8010E94B65B882329F3E4E1F3E0853768
:10C1400009F083C0F801128654E0952EB12CA12C81
:10C15000C8010E94B65B8823A9F2813434F480536D
:10C16000803130F083E090E0CFCF8F7D8753F8CFE0
:10C1700044E0AA0CBB1C4A95E1F7A82AF8011286F4
:10C180009A949110E5CFC501985D8115944020F4F3
:10C190007501F3E0FF22ACCFC5019C5D8115944091
:10C1A000A8F483E0B822B701762F6627770F770FC0
:10C1B0006A297B2990E080E001966038710581054D
:10C1C000910540F4C8010E94256092CFB50190E02E
:10C1D00080E0F3CF1982262F2F7320682A8326E070
:10C1E00096958795779567952A95D1F76032710571
:10C1F00080F4606C6B835E01E4E0AE0EB11CF5016F
:10C2000062915F01662309F473CFC8010E94256023
:10C21000F6CF262F2F7320682B8386E076956795BF
:10C220008A95E1F76031710538F4606E6C835E01C8
:10C23000F5E0AF0EB11CE3CF60686C83CD825E0188
:10C2400026E0A20EB11CDBCF32969081992309F42F
:10C2500089CF8913F9CF8181882309F483CFF8012D
:10C260001286682FAFCF82819381892B19F484E0E5
:10C2700090E04ACF90E080E047CFAF92BF92CF925C
:10C28000DF92EF92FF920F931F93CF93DF9300D033
:10C290001F92CDB7DEB78C01DC011296ED91FC91B7
:10C2A000139714968D919C911597E80FF91F14829E
:10C2B000ED90FC9011971496AD90BC901597129646
:10C2C000CD90DC90C60104969A838983BC82AB82B0
:10C2D000BE016F5F7F4FC70103960E94F032009747
:10C2E00049F5F70140815181B501C6010E94FE3434
:10C2F000009721F421E0D70112962C93D801ED91FB
:10C30000FC9123813481DC012D933C9394838383BE
:10C31000F801138212820F900F900F900F90DF910F
:10C32000CF911F910F91FF90EF90DF90CF90BF9032
:10C33000AF900895DC0112962C9112972F5F129600
:10C340002C93E9CF8F929F92AF92BF92CF92DF92C0
:10C35000EF92FF920F931F93CF93DF936C018B01AA
:10C36000DB015996FC90BFEFFB1621F16F2DC80140
:10C3700045960E94B330EC018D81F801818F2097A2
:10C3800009F496C01C828FEF8D831F821E82D60116
:10C3900011966C916F3F09F49FC0C80145960E94A9
:10C3A000B330FC01F582D6011196FC92BE018F2DAF
:10C3B0009D8084C05B01F5E0AF0EB11CDB01ED9008
:10C3C000FC90119757968C91882349F0C5010E94E3
:10C3D0003334C62FD72F209711F0F82ED8CFF8017D
:10C3E000C789908DC91325C0C03109F461C0CC0F35
:10C3F00065897689D701ED91FC91B4E0CB9FA001CE
:10C400001124A616B70609F04BC00190F081E02D6B
:10C41000BA01C7011995009709F44AC020E1F50156
:10C42000DC0101900D922A95E1F7F801968B858B3E
:10C43000C08FD8015596CD91DC91569757968C9127
:10C44000579721E0280F57962C93B4E08B9FC0019B
:10C450001124C80FD91F90E1892E203111F48FE0EB
:10C46000882EE8E08E9EB0011124D701ED91FC9159
:10C470000190F081E02DC70119959B838A83892B58
:10C4800009F4812C88821982CD2B91F0C5010E947C
:10C490003334C62FD72FF82E209709F078CF08C055
:10C4A0000480F581E02DC7011995009709F0BDCFF3
:10C4B00081E0F801828360E070E08FEF992DDF91D9
:10C4C000CF911F910F91FF90EF90DF90CF90BF9091
:10C4D000AF909F908F900895F601F082F18266CF21
:10C4E000FC012481207820622483009719F02FEF2B
:10C4F000208321830895EF92FF920F931F93CF9390
:10C50000DF936115710551F4F0E0E0E0CF01DF91B8
:10C51000CF911F910F91FF90EF9008957A01EB0159
:10C52000FC012481322F3F77C9F40E9470628C0194
:10C53000009751F3A701BE010E94195BFB013097E0
:10C5400029F7B701C8010E94A261FB013097F1F2FF
:10C5500084818F778483D783C683D8CF25FDE7CFA7
:10C56000D3CFCF93DF93FC01C381D481218132816A
:10C570002115310539F065817681AE01C9010E942E
:10C580007B629C01B901CE01DF91CF910895CF93D9
:10C59000DF93FC01C081D1819E01265E3F4F39F0BF
:10C5A00062817381AE01C9010E947B629C01B90165
:10C5B000CE01DF91CF910895CF93DF93EC010E94DC
:10C5C0006F638C8180788C83DF91CF910895CF93B6
:10C5D000DF93EC0188819981009721F06A817B814A
:10C5E0000E94DC62EA81FB8180E0309719F0828151
:10C5F00091E08927DF91CF910895EF92FF920F93F9
:10C600001F93CF93DF938C017B010E94B162DC0109
:10C61000CB01EB01009749F0BD010E94DC628C81E7
:10C62000807884608C83F982E882D8011396ED913A
:10C63000FC9180E0309719F0828191E08927DF91A9
:10C64000CF911F910F91FF90EF9008958F929F923D
:10C65000AF92BF92CF92DF92EF92FF920F931F9310
:10C66000CF93DF936C018B01FC01C0815B01F5E18D
:10C67000AF0EB11C4B0183E0880E911CCF3FF9F047
:10C680006C2FC5010E94B3307C01FC01D5818481EF
:10C6900087FF09C0F80140815181F70166817781E8
:10C6A000C4010E94D334B801C7010E94DC62F801C2
:10C6B000818DF7018583F801C18FCD2FDFCFF60182
:10C6C000C083C183DF91CF911F910F91FF90EF90B5
:10C6D000DF90CF90BF90AF909F908F9008950F9371
:10C6E0001F93CF93DF93EC018B018C8180FF0BC0F4
:10C6F000FB0140815181688179816C5F7F4FC80166
:10C7000003960E94D3348C81807651F0209741F0BB
:10C71000B801CE01DF91CF911F910F910C94266348
:10C72000DF91CF911F910F910895CF92DF92EF92F9
:10C73000FF920F931F93CF93DF938C017B010E9495
:10C74000C762DC01CB01EB01009781F0F701C080EB
:10C75000D180E280F380BD010E946F638C8180787C
:10C760008C608C83C882D982EA82FB82D801ED91E9
:10C77000FC9180E0309719F0828191E08927DF9168
:10C78000CF911F910F91FF90EF90DF90CF90089580
:10C79000EF92FF920F931F93CF93DF938C017B0156
:10C7A0000E94C762DC01CB01EB01009791F0F70119
:10C7B000E080F180BD010E946F638C8180788A6087
:10C7C0008C83C701FF0CAA0BBB0B88839983AA83B8
:10C7D000BB83D801ED91FC9180E0309719F0828104
:10C7E00091E08927DF91CF911F910F91FF90EF90FA
:10C7F0000895EF92FF920F931F93CF93DF938C01D5
:10C800007B010E94B162DC01CB01EB01009791F04A
:10C81000F701E080F180BD010E946F638C81807818
:10C820008A608C83C701FF0CAA0BBB0B888399839A
:10C83000AA83BB83D8011396ED91FC9180E03097D9
:10C8400019F0828191E08927DF91CF911F910F919B
:10C85000FF90EF900895CF92DF92EF92FF920F93A7
:10C860001F93CF93DF938C017B010E94B162DC01A7
:10C87000CB01EB01009781F0F701C080D180E2800D
:10C88000F380BD010E946F638C8180788C608C8303
:10C89000C882D982EA82FB82D8011396ED91FC917D
:10C8A00080E0309719F0828191E08927DF91CF9164
:10C8B0001F910F91FF90EF90DF90CF900895CF924E
:10C8C000DF92EF92FF920F931F93CF93DF938C0130
:10C8D0007B010E94C762DC01CB01EB01009781F074
:10C8E000F701C080D180E280F380BD010E946F63B8
:10C8F0008C81807888608C83C882D982EA82FB82AE
:10C90000D801ED91FC9180E0309719F0828191E09F
:10C910008927DF91CF911F910F91FF90EF90DF90CA
:10C92000CF900895EF92FF920F931F93CF93DF93D1
:10C930008C017B010E94B162DC01CB01EB0100970D
:10C9400051F0F701F080BD010E946F638C81807807
:10C9500086608C83F882D8011396ED91FC9180E07B
:10C96000309719F0828191E08927DF91CF911F9153
:10C970000F91FF90EF9008950F931F93CF93DF9344
:10C98000FC01C081D181CE014A9649F430E020E01B
:10C99000B901CE01DF91CF911F910F91089562816E
:10C9A0007381AE010E947B628C01009779F3BE0116
:10C9B0000E946F63C8010E9470629C01E9CFEF92F0
:10C9C000FF920F931F93CF93DF938C017B010E9403
:10C9D000C762DC01CB01EB01009789F0F701F08021
:10C9E000BD010E946F638C81807888608C838F2D5D
:10C9F00090E0B0E0A0E088839983AA83BB83D8014C
:10CA0000ED91FC9180E0309719F0828191E08927C7
:10CA1000DF91CF911F910F91FF90EF9008950F93A9
:10CA20001F93CF93DF93EC01088119818B819C8147
:10CA3000009749F0FC01208131813C832B83B801B0
:10CA40000E94AA34F3CF68817981CE010596DF91E7
:10CA5000CF911F910F910C946534CF93DF93EC012C
:10CA600090E080E0CF3FD10509F088F4CB01BE0112
:10CA70006B5F7F4FDC01ED91FC910190F081E02D27
:10CA80001995009721F0FC01C38321E02283DF91F7
:10CA9000CF9108954F925F926F927F92AF92BF9223
:10CAA000CF92DF92EF92FF920F931F93CF93DF937A
:10CAB0008C012A013B0169015A017B01FC01C08103
:10CAC000D1812097A1F08B818E151F0441F4A7011D
:10CAD000B501CE0104960E943DA9892B21F0099051
:10CAE000D881C02DEECF8A818F5F8A8318C0B601AE
:10CAF000C3010E942D65EC01892B89F0A301B201CD
:10CB0000CE0104960E944AA9FE01E60DF71D14828B
:10CB1000F8018081918199838883D183C083CE017C
:10CB2000DF91CF911F910F91FF90EF90DF90CF9009
:10CB3000BF90AF907F906F905F904F9008954F920D
:10CB40005F926F927F92AF92BF92CF92DF92EF92FD
:10CB5000FF920F931F93CF93DF936A017B01EA014A
:10CB60000E94413C2B013C012097B1F0B701C60166
:10CB70000E94DC624114510479F0F7012081318177
:10CB8000B301A201C70103960E944A659C01892B4B
:10CB900091F481E0F7018283DF91CF911F910F9192
:10CBA000FF90EF90DF90CF90BF90AF907F906F900D
:10CBB0005F904F9008959C81907895609C83398315
:10CBC0002883EACF0F931F93CF93DF93EC018B0160
:10CBD0000E94C762AB01BC01C8010E949F65E88149
:10CBE000F98180E0309719F0828191E08927DF9107
:10CBF000CF911F910F9108950F931F93CF93DF93C0
:10CC0000EC018B010E94B162AB01BC01C8010E9422
:10CC10009F65EB81FC8180E0309719F0828191E083
:10CC20008927DF91CF911F910F9108958F929F9245
:10CC3000AF92BF92CF92DF92EF92FF920F931F932A
:10CC4000CF93DF93FC01008111817801FAE1EF0EAF
:10CC5000F11CE114F10481F4D0E0C0E0CE01DF91D9
:10CC6000CF911F910F91FF90EF90DF90CF90BF90E9
:10CC7000AF909F908F900895FC01828193810E94D4
:10CC8000413C4B015C01672B39F3F801868D982FED
:10CC90009F77F9F4C7010E9470627C01892BE1F251
:10CCA0009801B501A401C7010E944B37EB01209701
:10CCB000A9F6F80120813181B501A401C8010396CC
:10CCC0000E944A656C01892B39F481E0F801828366
:10CCD000C5CF85FDE5CFC0CFB801C7010E94A261D5
:10CCE000EB01209709F4BACF8C8180688C83F4E043
:10CCF000CF0ED11CDF82CE82B1CFCF92DF92EF92E6
:10CD0000FF920F931F93CF93DF9300D01F92CDB765
:10CD1000DEB77C0149835A836B837C836901BE0142
:10CD20006F5F7F4F0E94F032009789F0FC012281F3
:10CD30002F5F22830F900F900F900F90DF91CF9174
:10CD40001F910F91FF90EF90DF90CF9008950B818E
:10CD50001C81B601C8010E942D65009759F3E98135
:10CD6000FA81DC011496A8014E0F5F1FE417F50746
:10CD700019F021912D93FACFFC01E00FF11F1482DD
:10CD8000F70120813181FC0131832083F7019183F8
:10CD90008083D0CF8F929F92AF92BF92CF92DF923B
:10CDA000EF92FF920F931F93CF93DF93EA012097A7
:10CDB000D9F05B01FC01C480D580E080F180CA011C
:10CDC0000E94DC62E114F10479F0A701B601F501DB
:10CDD00020813181C50103960E947D669C01892BCB
:10CDE00081F481E0F5018283DF91CF911F910F9152
:10CDF000FF90EF90DF90CF90BF90AF909F908F907B
:10CE000008959C81907895609C8339832883ECCF2A
:10CE10000F931F93CF93DF93EC018B010E94B162BC
:10CE2000AB01BC01C8010E94CA66EB81FC8180E0B5
:10CE3000309719F0828191E08927DF91CF911F917E
:10CE40000F9108950F931F93CF93DF93EC018B0104
:10CE50000E94C762AB01BC01C8010E94CA66E8819A
:10CE6000F98180E0309719F0828191E08927DF9184
:10CE7000CF911F910F910895AF92BF92CF92DF9201
:10CE8000EF92FF920F931F93CF93DF9300D01F92E7
:10CE90001F92CDB7DEB729833A834B835C836D83C2
:10CEA000E980FA80CB80DC80DC01ED91FC91A60169
:10CEB0004E0D5F1D309759F123812C151D0479F417
:10CEC00057019F012C5F3F4F4A155B0561F0D5016B
:10CED0007D915D01D9016D919D017617A9F30190B6
:10CEE000F081E02DE7CF82818F5F8283CF010F90A9
:10CEF0000F900F900F900F90DF91CF911F910F9196
:10CF0000FF90EF90DF90CF90BF90AF900895B80161
:10CF10005C01C6010E942D65FC01009739F304965F
:10CF2000A7014C0D5D1DE416F50639F0D7012D91D2
:10CF30007D01DC012D93CD01F6CFDF01AC0DBD1DD0
:10CF400014961C92D5018D919C91119791838083A9
:10CF5000ED93FC93CBCF6F927F928F929F92AF9283
:10CF6000BF92CF92DF92EF92FF920F931F93CF93D6
:10CF7000DF9300D000D000D01F921F92CDB7DEB754
:10CF80006C0186E0FB01DE01119601900D928A95FD
:10CF9000E1F7D6011296AD90BC901397ED90FC90FE
:10CFA00009811A817B806C808D809E80E114F10460
:10CFB00089F0B501C7010E94DC620115110551F02D
:10CFC0008A94892831F5F70184818078846084838C
:10CFD00011830083D6011296ED91FC9180E0309789
:10CFE00019F0828191E089272B960FB6F894DEBF65
:10CFF0000FBECDBFDF91CF911F910F91FF90EF90AA
:10D00000DF90CF90BF90AF909F908F907F906F9068
:10D010000895202F18870F83472D79866A861B86EF
:10D02000D5010D911C913885562D60E0C501039600
:10D030000E943C679C01892B21F481E0F5018283E9
:10D04000C9CFF701948190789560948331832083D0
:10D05000C1CF2F923F924F925F926F927F928F92A9
:10D060009F92AF92BF92CF92DF92EF92FF920F9377
:10D070001F93CF93DF93CDB7DEB7E3970FB6F89446
:10D08000DEBF0FBECDBF6115710509F462C2290173
:10D090003A016AA37BA38CA39DA3890121153105C5
:10D0A00029F4CE0182960E94E76210C2D90114963B
:10D0B0008C9114978F77883009F42DC208F04BC0FB
:10D0C000843009F4F4C170F5833059F7ED91FC9187
:10D0D000B3800AA11BA10115110509F4CEC07F017F
:10D0E000B4E0EB0EF11CCCA0DDA0B601C8010E949B
:10D0F0006F63A7016B2D70E0EF2879F0F6012081B6
:10D100003181C60103960E947D669C01892B09F03E
:10D1100039C281E0D60112968C93F801848180781F
:10D120008483ABC0853009F4EAC1863009F0B9CFF9
:10D13000EAA0FBA0E114F10409F49FC01C916CA1CA
:10D140007DA1C7010E946F63F701848180788660AA
:10D150008483108392C08C3009F473C0E0F48A3069
:10D1600009F09FCFEAA0FBA0E114F10409F485C007
:10D170008D909D90AD90BC906CA17DA1C7010E9447
:10D180006F63F701848180788A60848380829182D2
:10D19000A282B38272C0803209F478C0803409F070
:10D1A00080CFECA0FDA00AA11BA10115110589F0FB
:10D1B000B701C8010E946F63D80114968C9114972F
:10D1C0008078806414968C9314978FEF8C931196CB
:10D1D0008C935C8A4B8A7E8A6D8A0115110509F44D
:10D1E0004CC0B701C8010E942663CE0143960E943D
:10D1F000F33329833A834B835C836D837E838981F8
:10D200009A810097D1F12D813E819E878D87388B41
:10D210002F87B701C8010E94A26178876F83FA86C1
:10D22000E986BE01635F7F4FCE0107960E94CE6AFA
:10D23000882319F16D817E81CE0101960E94DD3334
:10D24000DECFEAA0FBA0E114F104B9F0F90180807F
:10D250009180A280B3806CA17DA1C7010E946F6301
:10D26000D70114968C91149780788C6014968C93C7
:10D27000F70180829182A282B382ECA1FDA1309756
:10D2800009F467C1828191E0892720C1CCA0DDA08B
:10D29000EAA0FBA0B12CA12CE114F10441F0B601ED
:10D2A000C7010E946F63C7010E9470625C01F801B0
:10D2B000848185FF86C0C2019F8F8E8F79A268A26C
:10D2C000A114B104D1F2892BC1F2B601C5010E94AB
:10D2D0002663CE014E960E94F3332B8B3C8B4D8BF5
:10D2E0005E8B6F8B788FC60103969BAB8AAB8B8965
:10D2F0009C89892B11F22F88388C8B899C89AD8968
:10D30000BE898F839887A987BA873C862B8686E05B
:10D31000FE013796DE01119601900D928A95E1F794
:10D3200086E0FE013196DE011D9601900D928A95F0
:10D33000E1F74D845E844114510401F1D201149649
:10D340008C911497082E000C990B80959095492F7D
:10D35000441F4427441F16966D917C9150E0CE01E6
:10D3600007960E944E380F81188569847A84EB8570
:10D37000FC85FFA7EEA70115110531F5F12CE12C75
:10D380005BA64AA63DA62CA6FFA2EEA2D9A6C8A6D9
:10D390002AA53BA54CA55DA56EA17FA188A599A551
:10D3A0000E942968C114D10409F467CFF601828173
:10D3B000811163CF6F89788DCE0143960E94DD3352
:10D3C00096CF90E080E078CFD50114968C91982F7D
:10D3D0009F77E1F5C5010E9470624C01892B71F2C3
:10D3E000B601F40180810E94CE306F8378878987EF
:10D3F0009A87C801860D971D99AB88ABEF80F8849A
:10D40000E114F10439F1D7011696ED91FC91B0E0E9
:10D41000A0E0309739F0DF010D900020E9F7119777
:10D42000AE1BBF0BA615B70559F4D80188A999A959
:10D43000A817B90709F4A4CF9D9181919817B1F36A
:10D44000B601CE0107960E94DD33D8CF85FF96CF77
:10D450004501C6CFAEA5BFA5119781F4B601C401A1
:10D460000E94A2617B016115710509F489CFFB015E
:10D4700084818F7784831783068382CF202F1A8F2E
:10D48000098F462D7C8E6B8E1D8ED6010D911C91C1
:10D490003A8D5C8D60E08AA99BA90E943C678C0153
:10D4A000892B09F058C081E0F601828369CF6D9124
:10D4B0007C9141E050E0CE0101960E944E38BE01C1
:10D4C0006F5F7F4FCE0182960E94AB67E3960FB6E7
:10D4D000F894DEBF0FBECDBFDF91CF911F910F91AA
:10D4E000FF90EF90DF90CF90BF90AF909F908F9084
:10D4F0007F906F905F904F903F902F900895ED91A7
:10D50000FC91838190E03496FA83E9839C838B833A
:10D510001E821D82D4CFEAA0FBA0E114F10409F41D
:10D52000ACCEF90180809180A280B3806CA17DA1F6
:10D53000C7010E946F63D70114968C91149780786D
:10D54000886014968C93F70180829182A282B382C4
:10D5500094CE80E0BBCFB601C4010E94A2617B01E2
:10D56000672B09F40DCFD70114968C91149780681E
:10D5700014968C9314970C5F1F4F17961C930E9361
:10D580001697FECED80114969C91149790789360CC
:10D5900014969C9314972D933C936FCECF93DF9367
:10D5A000EC01FB01208131814281538168817981C5
:10D5B0008A819B810E942968EA81FB8180E0309703
:10D5C00019F0828191E08927DF91CF910895CF9260
:10D5D000DF92EF92FF920F931F93CF93DF9300D0D0
:10D5E00000D01F921F92CDB7DEB78C017B01FB01EB
:10D5F00080819181F8019183808312821482138249
:10D60000C8010596968B858B178A84E0808F8FEFF3
:10D61000818F168EC8010E94B434F801168E6801FD
:10D62000FAE1CF0ED11CB801C6010E94DC62DA8299
:10D63000C9821C830B83C7014A969E838D83F8861B
:10D64000EF82BE016B5F7F4FCE0101960E94CE6AD2
:10D6500028960FB6F894DEBF0FBECDBFDF91CF91F5
:10D660001F910F91FF90EF90DF90CF900895CF9290
:10D67000DF92EF92FF920F931F93CF93DF93CDB77B
:10D68000DEB7CE5BD1090FB6F894DEBF0FBECDBFBB
:10D690007C01CB01FB01C380D4800E94775B8C01AD
:10D6A00063E473E0C7010E9427910115110549F059
:10D6B000F80184818F77843009F461C0853009F4E2
:10D6C0008EC0CB56DF4FF982E882C559D040C9548D
:10D6D000DF4F19821882C75BD040C7010E943E907D
:10D6E00084E2FE01EB56FF4FDE01AF58BF4F0190C1
:10D6F0000D928A95E1F784E2FE01EF58FF4FDE01BB
:10D70000A35BBF4F01900D928A95E1F784E2FE0181
:10D71000E35BFF4FDE01999601900D928A95E1F748
:10D7200084E2FE01B996DE01119601900D928A9570
:10D73000E1F71EA21DA2CE0189960E943235D8A61D
:10D74000CFA2CE01835B9F4F0E9432350115110598
:10D7500009F44AC0BE016F5F7F4FC8010E9467385D
:10D76000CE0101960E943235CE018F589F4F0E9404
:10D770003235CE018B569F4F0E9432351FC06081DB
:10D78000718141E050E0CE0101960E944E3886E062
:10D79000FE013196DE01A754BF4F01900D928A958C
:10D7A000E1F7C754DF4F68817981C95BD0406115CB
:10D7B000710509F486CFC7010E94C990C701C25400
:10D7C000DF4F0FB6F894DEBF0FBECDBFDF91CF9114
:10D7D0001F910F91FF90EF90DF90CF90089560819F
:10D7E00071816C5F7F4FE3CF6CE273E0CE010196F5
:10D7F0000E94B037B5CF2F923F926F927F928F9257
:10D800009F92AF92BF92CF92DF92EF92FF920F93CF
:10D810001F93CF93DF93CDB7DEB7C354D1090FB6B3
:10D82000F894DEBF0FBECDBF65E873E0CE01019670
:10D830000E948495EA8DFB8D309709F43DC1858166
:10D84000882309F439C16090710B2090720B80918C
:10D85000730B9091740B9BAF8AAFBE016F5F7F4FCC
:10D86000CE01C4960E943C91712C312C88AD99ADAB
:10D87000892B09F411C16BE3CE01C4960E94518F2C
:10D880009C0150E040E0BE016C5C7F4FCE018E9663
:10D890000E947E936FE2CE01C4960E94518F9C013C
:10D8A00050E040E0BE01625D7F4FCE014C960E9489
:10D8B0007E93CE014C960E94B78E4B01CE014C96C2
:10D8C0000E94EF906FE2CE01C4960E941F8F7C01F0
:10D8D0006FE2CE01C4960E94518FAC014F5F5F4F43
:10D8E0009701BE01625D7F4FCE014C960E947E93F0
:10D8F000CE014C960E94B78E6B01CE014C960E94D1
:10D90000EF906814790409F0EFC02C143D0409F07D
:10D91000EBC06BE3CE01C4960E941F8F7C016BE3CA
:10D92000CE01C4960E94518FAC014F5F5F4F9701AB
:10D93000BE016C5C7F4FCE0182960E947E936BE3AA
:10D94000CE01C4960E941F8F28AD39ADAC014F5F48
:10D950005F4FBE016C5C7F4FCE0188960E947E9324
:10D960006AE3CE0182960E94518F9C0150E040E014
:10D97000BE016E5D7F4FCE014C960E947E93CE011C
:10D980004C960E94B78E4B01CE014C960E94EF90B0
:10D990006AE3CE0182960E94518F2EA13FA1AC0175
:10D9A0004F5F5F4FBE016E5D7F4FCE014C960E9470
:10D9B0007E93CE014C960E94B78E6CAF7DAF8EAF3A
:10D9C0009FAFCE014C960E94EF906AE3CE018896FD
:10D9D0000E94518F9C0150E040E0BE01685D7F4F86
:10D9E000CE014C960E947E93CE014C960E94B78E3B
:10D9F00024966CAF7DAF8EAF9FAF2497CE014C962F
:10DA00000E94EF906AE3CE0188960E94518F2CA568
:10DA10003DA5AC014F5F5F4FBE01685D7F4FCE01FA
:10DA20004C960E947E93CE014C960E94B78E6B015D
:10DA3000CE014C960E94EF900CAD1DAD9401A30158
:10DA4000B1018AAD9BAD0E94233360933608709379
:10DA500037088093380890933908860122962EADB6
:10DA60003FAD2297A301B1018AAD9BAD0E94233344
:10DA700060933A0870933B0880933C0890933D086C
:10DA8000CE0188960E94EF90CE0182960E94EF9080
:10DA9000CE018E960E94EF908A8D9B8D009741F06B
:10DAA0000E948B508A8D9B8D0E94C2AF1B8E1A8E56
:10DAB000CE01C4960E94EF90CD5BDF4F0FB6F89475
:10DAC000DEBF0FBECDBFDF91CF911F910F91FF90B1
:10DAD000EF90DF90CF90BF90AF909F908F907F900E
:10DAE0006F903F902F900895BE016F5F7F4FCE01E2
:10DAF0004C960E943C91BE01645E7F4FCE01C4965D
:10DB00000E940590CE014C960E94EF90CE018E9619
:10DB10000E94EF90ABCE0F931F93CF930E94E685A8
:10DB20000E94C7848B019C0140913A0850913B08A8
:10DB300060913C0870913D088091360890913708BB
:10DB4000A0913808B0913908041715072607370740
:10DB5000E8F4C1E0081719072A073B0730F4481713
:10DB600059076A077B0708F0C0E080913E088C13D4
:10DB70000E94FB6BC0933E086C2F85E20E94B23D71
:10DB800080913E08CF911F910F91089580179107C2
:10DB9000A207B30748F7C1E0E2CFCF92DF92EF923E
:10DBA000FF920F931F93CF93DF93CDB7DEB7CC5780
:10DBB000D1090FB6F894DEBF0FBECDBF84E08093CD
:10DBC000F20785E08093F30780E48093100881E4F6
:10DBD0008093110860E088E30E94E03D60E089E303
:10DBE0000E94E03D60E08AE30E94E03D60E082E068
:10DBF0000E94E03D60E088E10E94E03D60E08AE153
:10DC00000E94E03D60E087E10E94E03D60E089E144
:10DC10000E94E03D60E086E10E94E03D60E08BE331
:10DC20000E94E03D60E082E10E94E03D60E080E42F
:10DC30000E94E03D60E081E40E94E03D60E080E41D
:10DC40000E94E03D60E081E40E94E03D61E089E205
:10DC50000E94E03D61E085E00E94E03D61E084E0FB
:10DC60000E94E03D61E086E20E94E03D61E084E2E6
:10DC70000E94E03D61E085E20E94E03D61E084E0D9
:10DC80000E94E03D61E085E00E94E03D40E052EC12
:10DC900061E070E083E19EE00E94EE7F40E855E2A3
:10DCA00060E070E080912B1290912C120E94EE7F28
:10DCB00080912E12823008F44BC061E00E94E03D5A
:10DCC0006DE873E083E19EE00E94509461E08BE098
:10DCD0000E94E03D60E08BE00E94B23D80912E12F8
:10DCE000A4961FAE1EAEA497A6961FAE1EAEA69714
:10DCF000A8961FAE1EAEA8974AE0BE016F5F7F4F89
:10DD000090E00E9483A9BE016F5F7F4FCE018E59C4
:10DD10009F4F0E94BF9064E973E0CE0101960E947C
:10DD20002791BE016E597F4FCE0101960E946690E9
:10DD30000E943B94CE0101960E94EF90CE018E5935
:10DD40009F4F0E94EF9060E080912E120E94B23DA2
:10DD500080912B1290912C12DC01ED91FC910284A8
:10DD6000F385E02D199597FFF3CF10927112109261
:10DD700072121092781210927712109276121092FC
:10DD80007512109274121092731280ED97E09093B6
:10DD90007A128093791288E380933A1010923B10A4
:10DDA00012E010933C1088E180933D1010923E10D9
:10DDB00089E380934E1010924F108AE180935010A7
:10DDC00087E18093511001E0009352108AE3809321
:10DDD00062101092631089E18093641086E1809351
:10DDE000651010936610109242101092431010921A
:10DDF0004410109245101092561010925710109225
:10DE000058101092591010926A1010926B101092C4
:10DE10006C1010926D1081E6FE013196A7E7BFE00D
:10DE200001900D928A95E1F781E6FE013196A8ED09
:10DE3000BFE001900D928A95E1F781E6FE013196EF
:10DE4000A6E1BFE001900D928A95E1F710922E0FA6
:10DE500010922F0F1092300F1092310F10928F0FDF
:10DE60001092900F1092910F1092920F1092F00F4B
:10DE70001092F10F1092F20F1092F30F82E090E0E7
:10DE800090934111809340110E9443839093D70F48
:10DE90008093D60FBC0187E79FE00E947F5C909340
:10DEA000381080933710BC0188ED9FE00E947F5CA2
:10DEB0009093760F8093750FBC0186E19FE00E94DE
:10DEC0007F5C1092391010923E1000935210109304
:10DED000661088EC90E0A0E0B0E08093DD079093BE
:10DEE000DE07A093DF07B093E00744E650E060E070
:10DEF00070E040935B0850935C0860935D087093FA
:10DF00005E088093F8079093F907A093FA07B093FF
:10DF1000FB0788E893E1A0E0B0E080930C089093C1
:10DF20000D08A0930E08B0930F0888EE93E0A0E0D0
:10DF3000B0E08093000890930108A0930208B0938A
:10DF400003080E941A3F6053784F8F4F9F4F609392
:10DF5000D9077093DA078093DB079093DC0782E19F
:10DF600093E09A8389838091C1129091C212A0910B
:10DF7000C312B091C4128B839C83AD83BE83CE0148
:10DF800001960E94DE8785ED93E00E942D94E0913A
:10DF9000020BE353E53030F4F0E0ED5DFD4F80819E
:10DFA0008111E1C064EF71E080E090E00E94E83E02
:10DFB000E091020BE353E53030F4F0E0ED5DFD4F0E
:10DFC00080818111D0C064EF71E080E090E00E9418
:10DFD000E83EE091020BE353E53008F057C0F0E073
:10DFE000ED5DFD4F8081882309F450C062EA73E043
:10DFF0008CE892E10E94BF9081E590E090939312AB
:10E00000809392121092941210929612109295127E
:10E01000109298121092971263E873E089E992E1E6
:10E020000E94BF901092A01210929F121092A11203
:10E0300081E08093A21263E473E083EA92E10E949C
:10E04000BF9063E473E089EA92E10E94BF9063E4C9
:10E0500073E08FEA92E10E94BF9063E473E085EB86
:10E0600092E10E94BF901092BC121092BB120E94CB
:10E070001A3F611571058105910511F00E940DA9E6
:10E080008CED9DE79093BE128093BD120E94E685B1
:10E090008091710B90E09093050880930408809123
:10E0A0006E0B90E090930708809306080E94A841A9
:10E0B0008FEA93E00E94D3938091F40E882321F09D
:10E0C0008FEE9EE00E948B501092D00E1092CE0EDA
:10E0D0001092CB0E1092CA0E85E38093C90E0E9457
:10E0E0001A3F8B0161E08091C90E0E94E03D61E022
:10E0F0008091C90E0E94B23D0E940C4682E5809339
:10E10000C30E1092C40E8091C30E9091C40E0E9453
:10E110005A492AE0F22E8FEF0E94D806FA94F110A5
:10E12000FACF85EC9EE00E945D4920E030E0A90135
:10E1300060E085EC9EE00E947349F82E8093CF0E3C
:10E14000B1E08B17A1F10E941A3F601B710B613D7A
:10E15000774058F381E08093CA0E85EC9EE00E94E0
:10E160004F4960E09FC084EC93E00E942D9482E1CF
:10E1700093E09A8389831B821C821D821E8280E524
:10E1800091E00E945A4944E050E0BE016D5F7F4F2C
:10E190008FE090E00E944C4663E17EE0CE01019664
:10E1A0000E94013683E19EE00E94299412CF2AEA60
:10E1B00031E040E050E068E085EC9EE00E94734969
:10E1C00082FF2AC0F092D00E8091D00EC12CD12CAB
:10E1D0007601823029F4C12CD12CE12C80E4F82E78
:10E1E00020E030E0A90167E385EC9EE00E947349DE
:10E1F000A701960169E285EC9EE00E947349809335
:10E20000CF0E8823D1F00E941A3F601B710B613D35
:10E21000774030F388E09FCF94E0F92E0E94844548
:10E220008093CF0EFA94F110F9CF8A3A11F082E080
:10E2300092CF82E08093D00EC7CF8091D00E8230F3
:10E24000D1F420E030E0A9016AE385EC9EE00E9471
:10E250007349882311F086E07ECF0E948445807C3C
:10E26000803C19F483E08093D00E0E9484450E9484
:10E2700084450E94844585EC9EE00E944F4980E5DC
:10E280008093C30E1092C40E81E00E94B58688234D
:10E2900009F462C08FEE9EE00E94738461E08823DF
:10E2A00009F45FCF70E090E080E00E946E9463E834
:10E2B00073E0CE018E599F4F0E948495A6968EAD35
:10E2C0009FADA6979C838B83AA968CAD9DADAEAD7A
:10E2D000BFADAA978D839E83AF83B887AE968CAD72
:10E2E0009DADAEADBFADAE9789879A87AB87BC8732
:10E2F0008AEB92E09A8389838DE0E2E6F0E0EC0F0E
:10E30000FD1F3C96DE011D9601900D928A95E1F766
:10E31000ED968EAD9FADED979B8F8A8F70E060E09C
:10E32000CE0101960E9498500E94FB6B8AEB93E00D
:10E330000E942D940E948B6DC458DF4F0FB6F89445
:10E34000DEBF0FBECDBFDF91CF911F910F91FF9028
:10E35000EF90DF90CF90089580E00E94B5868823EB
:10E3600009F4FFCE97CFEF92FF920F931F93CF93B5
:10E37000DF93CDB7DEB7AD970FB6F894DEBF0FBE13
:10E38000CDBF6AA77BA78CA79DA77A018E010F5FDF
:10E390001F4FC8010E946C5C86E090E09FA38EA393
:10E3A00019A308A38BEB93E09BA38AA3BE016A5D2C
:10E3B0007F4FCE0180960E94C8631FA21EA219A3A0
:10E3C00008A38FEB93E09BA38AA3BE016A5D7F4FF6
:10E3D000CE0180960E94C8631FA21EA219A308A3A3
:10E3E00083EC93E09BA38AA3BE016A5D7F4FCE01BD
:10E3F00080960E94C86319A308A387EC93E09BA3AF
:10E400008AA3BE01665D7F4FCE0180960E945F6445
:10E4100080913E0819A308A3882309F4CBC18CEC92
:10E4200093E09BA38AA36CE275E0CE0180960E94E4
:10E43000E2654091120850911308609114087091A0
:10E44000150822E0CE0180960E94F7901FA30EA32C
:10E4500080ED93E099A788A7BE01605E7F4FCE0153
:10E4600086960E942267CE0180960E94EF9040918E
:10E47000160850911708609118087091190822E049
:10E48000CE0180960E94F7901FA30EA384ED93E027
:10E4900099A788A7BE01605E7F4FCE0186960E9435
:10E4A0002267CE0180960E94EF9040911A08509109
:10E4B0001B0860911C0870911D0822E0CE01809617
:10E4C0000E94F7901FA30EA389ED93E099A788A758
:10E4D000BE01605E7F4FCE0186960E942267CE010C
:10E4E00080960E94EF9040911E0850911F08609105
:10E4F00020087091210822E0CE0180960E94F790BA
:10E500001FA30EA38EED93E099A788A7BE01605EBE
:10E510007F4FCE0186960E942267CE0180960E9490
:10E52000EF90409122085091230860912408709147
:10E53000250822E0CE0180960E94F7901FA30EA32B
:10E540008AEE93E099A788A7BE01605E7F4FCE0157
:10E5500086960E942267CE0180960E94EF9040919D
:10E56000320850913308609134087091350822E0E8
:10E57000CE0180960E94F7901FA30EA383EE93E036
:10E5800099A788A7BE01605E7F4FCE0186960E9444
:10E590002267CE0180960E94EF904091260850910C
:10E5A0002708609128087091290822E0CE01809602
:10E5B0000E94F7901FA30EA380EF93E099A788A76E
:10E5C000BE01605E7F4FCE0186960E942267CE011B
:10E5D00080960E94EF9040912A0850912B086091FC
:10E5E0002C0870912D0822E0CE0180960E94F790B1
:10E5F0001FA30EA387EE93E099A788A7BE01605ED4
:10E600007F4FCE0186960E942267CE0180960E949F
:10E61000EF9040912E0850912F0860913008709132
:10E62000310822E0CE0180960E94F7901FA30EA32E
:10E630008DEE93E099A788A7BE01605E7F4FCE0163
:10E6400086960E942267CE0180960E94EF904091AC
:10E650004708509148086091490870914A0822E0A3
:10E66000CE0180960E94F7901FA30EA385EF93E042
:10E6700099A788A7BE01605E7F4FCE0186960E9453
:10E680002267CE0180960E94EF9040914B085091F6
:10E690004C0860914D0870914E0822E0CE018096A2
:10E6A0000E94F7901FA30EA380E094E099A788A78B
:10E6B000BE01605E7F4FCE0186960E942267CE012A
:10E6C00080960E94EF9019A308A38BE094E09BA38F
:10E6D0008AA36FE87FE0CE0180960E94956319A31C
:10E6E00008A383E194E09BA38AA360EF7FE0CE01BF
:10E6F00080960E94956319A308A38BE194E09BA3E5
:10E700008AA36EE27FE0CE0180960E9495634091DD
:10E710004F0850915008609151087091520822E0C2
:10E72000CE0180960E94F7901FA30EA38EE195E084
:10E7300099A788A7CE0186960E941666AC01B801FB
:10E74000CE0180960E94CA66CE0180960E94EF900C
:10E7500019A308A384E294E09BA38AA366E378E06C
:10E76000CE0180960E945F6419A308A38EE294E014
:10E770009BA38AA36AE378E0CE0180960E945F643F
:10E78000BE01655E7F4FC80128E532E0A7010E9407
:10E790002D5CC8010E940F6581E0AD960FB6F8941C
:10E7A000DEBF0FBECDBFDF91CF911F910F91FF90C4
:10E7B000EF9008958CEC93E09BA38AA366E275E04A
:10E7C00034CECF93DF93CDB7DEB7C05BD4400FB666
:10E7D000F894DEBF0FBECDBF6AE374E083E19EE034
:10E7E0000E9450940E94C784AB01BC01CE01875A9D
:10E7F0009D4F0E94D198BE01675A7D4F83E19EE0F4
:10E800000E94509470E060E0CE01875A9D4F0E94B4
:10E81000C07F0E94C784AE014F5F5F4F0E94B371FB
:10E82000BE016F5F7F4F83E19EE00E94509470E0D5
:10E8300060E0CE0101960E94C07FC055DB4F0FB64D
:10E84000F894DEBF0FBECDBFDF91CF9108952F9218
:10E850003F924F925F926F927F928F929F92AF9270
:10E86000BF92CF92DF92EF92FF920F931F93CF93BD
:10E87000DF93CDB7DEB7CF59D1090FB6F894DEBF1D
:10E880000FBECDBF1C016FE576E083E19EE00E94E4
:10E890005094B10183E19EE00E9450947E012EE4E9
:10E8A000E20EF11CC7010E946C5C8101211431044D
:10E8B00011F403E413E0C7010E94B434F701168E8B
:10E8C000FA82E9821C821B821E821D821F821987A6
:10E8D00008871B86FD86EC864AE0B701665E7F4F9F
:10E8E0008E010F5F1F4FC8010E946A896C01892B3E
:10E8F00051F48A85882339F0F701868D83FF03C0A0
:10E9000033E0C32ED12C8B819C81009731F0E981BB
:10E91000FA81608171810E94AA34CD2821F083E0C0
:10E9200095E00E94107FFA82E9828BEB93E09C8352
:10E930008B83C8010E943E5FC256DF4F8883CE5949
:10E94000D040FA82E9828FEB93E09C838B83C801ED
:10E950000E943E5FC156DF4F8883CF59D040FA8274
:10E96000E98283EC93E09C838B83C8010E943E5F25
:10E97000C356DF4F8883CD59D040843009F06FC132
:10E98000FA82E98287EC93E09C838B83C8010E9422
:10E990008B5B812C912C5401009721F00E94675EC3
:10E9A0004B015C018CEF94E00E94107F2AE0B501DE
:10E9B000A40183E19EE00E94DD9383E19EE00E943A
:10E9C000299481149104A104B10409F448C12CE3F1
:10E9D000422E512C612C712CC501B401A30192016E
:10E9E0000E948CAD60936D0BCA01B901A301920125
:10E9F0000E948CAD60936E0BC501B40120E13EE036
:10EA000040E050E00E948CADCA01B90128E130E03D
:10EA100040E050E00E948CAD60936F0BC501B401E3
:10EA200020E831E541E050E00E948CADC756DF4F51
:10EA3000288339834A835B83C959D040CA01B9010D
:10EA40006C5F7F4F8F4F9F4F27E030E040E050E0FA
:10EA50000E948CAD6F5F6093700B22EB37E0412C0E
:10EA6000512C3201E0E9F1E0530142014DE6840E00
:10EA700041E0941EA11CB11C690153E0C522DD24B4
:10EA8000C114D10469F0C90164E670E00E94E8AEE7
:10EA9000892B71F4C901BF010E94E8AE892B41F0B6
:10EAA000530142016EE6860E61E0961EA11CB11C68
:10EAB000C9010196C756DF4F488159816A817B8120
:10EAC000C959D040481559056A057B0508F0EFC0C3
:10EAD0003093740B2093730B240135015DE6451AC6
:10EAE00051E0550A61087108C90164E670E00E94AE
:10EAF000E8AEFC01C90160E971E00E94E8AEC11412
:10EB0000D10421F0309751F4009741F024013501F0
:10EB10006EE6461A61E0560A61087108C756DF4F73
:10EB200088809980AA80BB80C959D04084189508F4
:10EB3000A608B708AAE8B2E021E02D30B1F04D9167
:10EB4000223041F4C114D10421F0309719F4009718
:10EB500009F04F5F50E070E060E031E0320F841662
:10EB60009506A606B70608F0A6C02093720B8394FC
:10EB70008092710BAA24A394A0924A0B88E6982E47
:10EB800090926B0B1092B40E1092B30E60E087EB74
:10EB90009EE00E943E0660E887EB9EE00E943E06F3
:10EBA00080916E0B9AE0B92E6B2D0E94DCAEE0E1F5
:10EBB0008E9FB0011124690F87EB9EE00E943E06F4
:10EBC00080916F0B6B2D0E94DCAEF0E18F9FB00146
:10EBD0001124690F87EB9EE00E943E068091700B26
:10EBE0006B2D0E94DCAE20E1829FB0011124690FE1
:10EBF00087EB9EE00E943E068091710B6B2D0E9478
:10EC0000DCAE40E1849FB0011124690F87EB9EE0E8
:10EC10000E943E068091720B6B2D0E94DCAE50E18B
:10EC2000859FB0011124690F87EB9EE00E943E068C
:10EC30008091730B805D6B2D0E94DCAEE0E18E9FB6
:10EC4000B0011124690F87EB9EE00E943E0681E02F
:10EC50000E948985882309F434C010926C0B0E94AD
:10EC6000E6850E94C7842B013C01C156DF4F2881F5
:10EC7000CF59D04021115AC0C256DF4F4881CE59DA
:10EC8000D0404B3008F086C7E42FF0E08827E45BE3
:10EC9000F9488F4F0C9410AF8476B376CC76CA7D4A
:10ECA000587D4B7DCA7DF778A27A5E7C467D9C01BB
:10ECB00024013501D9CE841A950AA60AB70A232F52
:10ECC0003CCFA0924A0B90926B0B1092B40E109214
:10ECD000B30E60E087EB9EE00E943E0680916D0BD4
:10ECE0006B2D0E94DCAEF0E18F9FB0011124690F03
:10ECF00087EB9EE00E943E0681E00E94898581119B
:10ED0000ACCFA0926C0BABCF0E94438368E676E059
:10ED100083E19EE00E945094C301B2010E94659776
:10ED200070E060E087EA98E00E94C07FC7010E941F
:10ED30000F65C156DF4F0FB6F894DEBF0FBECDBFD3
:10ED4000DF91CF911F910F91FF90EF90DF90CF90C7
:10ED5000BF90AF909F908F907F906F905F904F90FB
:10ED60003F902F90089563E776E083E19EE00E9454
:10ED70005094B301A20187EA98E00E94D19870E014
:10ED800060E087EA98E00E94C07F67EA78E083E16C
:10ED90009EE00E945094CACF0E944383B701C801ED
:10EDA0000E94E76AAF961FAF0EAFAF978CE796E071
:10EDB000E1969FAF8EAFE197CE0183599F4F0E949E
:10EDC0009E5BCB56DF4F688379838A839B83C559CB
:10EDD000D04040E856E0BE016B567F4FCE018359CC
:10EDE0009F4F0E941C5CCE0183599F4F0E941B6065
:10EDF0006093E3107093E4108093E5109093E61015
:10EE000045E856E0BE016B567F4FCE0183599F4FB8
:10EE10000E941C5CCE0183599F4F0E941B6060932F
:10EE2000EB107093EC108093ED109093EE1048E887
:10EE300056E0BE016B567F4FCE0183599F4F0E9413
:10EE40001C5CCE0183599F4F0E941B606093EF10A2
:10EE50007093F0108093F1109093F2104BE856E00D
:10EE6000BE016B567F4FCE0183599F4F0E941C5CA1
:10EE7000CE0183599F4F0E941B606093F3107093E3
:10EE8000F4108093F5109093F6104EE856E0BE0112
:10EE90006B567F4FCE0183599F4F0E941C5CBE0171
:10EEA00063597F4FCE0185579F4F0E94376B61E3B7
:10EEB00073E0CE0183599F4F0E942791BE01635991
:10EEC0007F4FCE0185579F4F0E94A28F5C01CE01DC
:10EED00083599F4F0E94EF90AB2809F07CC181E0DD
:10EEE0008093FB1047E956E0BE016B567F4FCE0181
:10EEF00083599F4F0E941C5CCE0183599F4F0E94F3
:10EF0000775B009709F46AC10E94465F9093FD10F9
:10EF10008093FC1043EA56E0BE016B567F4FCE0152
:10EF200083599F4F0E941C5CCE0183599F4F0E94C2
:10EF30001B606093FE107093FF10809300119093FC
:10EF40000111AF961FAF0EAFAF978AEA96E0E19638
:10EF50009FAF8EAFE197CE0183599F4F0E949E5B7A
:10EF6000CF56DF4F688379838A839B83C159D04012
:10EF700040E856E0BE016F567F4FCE0183599F4F48
:10EF80000E941C5CCE0183599F4F0E941B606093BE
:10EF9000821070938310809384109093851045E8BD
:10EFA00056E0BE016F567F4FCE0183599F4F0E949E
:10EFB0001C5CCE0183599F4F0E941B6060938A1096
:10EFC00070938B1080938C1090938D1048E856E0CE
:10EFD000BE016F567F4FCE0183599F4F0E941C5C2C
:10EFE000CE0183599F4F0E941B6060938E107093D7
:10EFF0008F1080939010909391104BE856E0BE01D3
:10F000006F567F4FCE0183599F4F0E941C5CCE01EB
:10F0100083599F4F0E941B606093921070939310CE
:10F0200080939410909395104EE856E0BE016F5671
:10F030007F4FCE0183599F4F0E941C5CBE016359D4
:10F040007F4FCE018B579F4F0E94376B61E373E078
:10F05000CE0183599F4F0E942791BE0163597F4F74
:10F06000CE018B579F4F0E94A28F5C01CE01835926
:10F070009F4F0E94EF90AB2809F0B3C081E08093CE
:10F080009A1047E956E0BE016F567F4FCE01835973
:10F090009F4F0E941C5CCE0183599F4F0E94775B5B
:10F0A000009709F4A1C00E94465F90939C10809342
:10F0B0009B1043EA56E0BE016F567F4FCE01835945
:10F0C0009F4F0E941C5CCE0183599F4F0E941B6082
:10F0D00060939D1070939E1080939F109093A0104A
:10F0E00080919A10C158DF4F19821882CF57D040B3
:10F0F000CF57DF4F19821882C158D040CD57DF4F0C
:10F1000019821882C358D0404AE0BE0163597F4F2C
:10F1100090E00E9463A9BE0163597F4FCE018158E0
:10F120009F4F0E94BF9060EB76E0CE0183599F4FC6
:10F130000E942791BE0161587F4FCE0183599F4F96
:10F140000E9466900E943B94CE0183599F4F0E947B
:10F15000EF90CE0181589F4F0E94EF90CE018B57C8
:10F160009F4F0E94EF90CE0185579F4F0E94EF90D6
:10F17000C8010E940F6582EC96E00E94D393B10112
:10F1800083E19EE00E945094609140117091411182
:10F190006E5F7F4F8FED90E10E94C53BBC018EE713
:10F1A00090E10E94C53BC356DF4F5881CD59D040F6
:10F1B000543071F4C301B2010E94659782ED96E06C
:10F1C0000E94D39367EA78E083E19EE00E94509426
:10F1D0000E94A841ABCD1092FB1084CE90E080E05D
:10F1E00095CE10929A104DCF90E080E05ECFC5573B
:10F1F000DF4F488259826A827B82CB58D040C80157
:10F200000E946C5C88E090E0C158DF4F998388834E
:10F21000CF57D040AF961FAF0EAFAF978BEB93E0B9
:10F22000E1969FAF8EAFE197BE0161587F4FCE014F
:10F2300083599F4F0E94C863C158DF4F19821882BB
:10F24000CF57D040AF961FAF0EAFAF978FEB93E085
:10F25000E1969FAF8EAFE197BE0161587F4FCE011F
:10F2600083599F4F0E94C863C158DF4F198218828B
:10F27000CF57D040AF961FAF0EAFAF9783EC93E060
:10F28000E1969FAF8EAFE197BE0161587F4FCE01EF
:10F2900083599F4F0E94C863AF961FAF0EAFAF97C1
:10F2A00087EC93E0E1969FAF8EAFE197BE01655783
:10F2B0007F4FCE0183599F4F0E945F64AF961FAF6F
:10F2C0000EAFAF978FED96E0E1969FAF8EAFE197CF
:10F2D000CE0183599F4F0E94BC64CB57DF4F688398
:10F2E00079838A839B83C558D04040E856E0BE01AD
:10F2F0006B577F4FCE0183599F4F0E941C5C6BE779
:10F300007FE0CE0183599F4F0E942B6445E856E071
:10F31000BE016B577F4FCE0183599F4F0E941C5CEB
:10F3200063E87FE0CE0183599F4F0E942B6448E839
:10F3300056E0BE016B577F4FCE0183599F4F0E940D
:10F340001C5C67E87FE0CE0183599F4F0E942B64CD
:10F350004BE856E0BE016B577F4FCE0183599F4F5C
:10F360000E941C5C6BE87FE0CE0183599F4F0E9496
:10F370002B648091930F4EE856E0BE016B577F4F90
:10F38000882309F4CFC0CE0183599F4F0E941C5C93
:10F390006AE074E0CE0183599F4F0E94FC6547E903
:10F3A00056E0BE016B577F4FCE0183599F4F0E949D
:10F3B0001C5C64E97FE0CE0183599F4F0E94F96392
:10F3C00043EA56E0BE016B577F4FCE0183599F4FF2
:10F3D0000E941C5C66E97FE0CE0183599F4F0E942A
:10F3E0002B64AF961FAF0EAFAF978BEE96E0E19612
:10F3F0009FAF8EAFE197CE0183599F4F0E94BC64AF
:10F40000C158DF4F688379838A839B83CF57D0406D
:10F4100040E856E0BE0161587F4FCE0183599F4FAF
:10F420000E941C5C6CED7FE0CE0183599F4F0E94CF
:10F430002B6445E856E0BE0161587F4FCE018359E9
:10F440009F4F0E941C5C64EE7FE0CE0183599F4F6A
:10F450000E942B6448E856E0BE0161587F4FCE0100
:10F4600083599F4F0E941C5C68EE7FE0CE01835958
:10F470009F4F0E942B644BE856E0BE0161587F4FBE
:10F48000CE0183599F4F0E941C5C6CEE7FE0CE0141
:10F4900083599F4F0E942B648091F40F4EE856E0F1
:10F4A000BE0161587F4F882309F444C0CE018359BF
:10F4B0009F4F0E941C5C6FEF73E0CE0183599F4FFA
:10F4C0000E94FC6547E956E0BE0161587F4FCE01BE
:10F4D00083599F4F0E941C5C65EF7FE0CE018359EA
:10F4E0009F4F0E94F96343EA56E0BE0161587F4F87
:10F4F000CE0183599F4F0E941C5C67EF7FE0CE01D5
:10F5000083599F4F0E942B64BE01655E7F4FC801E7
:10F5100028E532E047EA58E00E942D5CC8010E94CD
:10F520000F65FECBCE0183599F4F0E941C5C64E0A7
:10F5300074E030CFCE0183599F4F0E941C5C69EF6D
:10F5400073E0BBCFB701C8010E94E76AAF961FAF57
:10F550000EAFAF978DE594E0E1969FAF8EAFE19748
:10F56000CE0183599F4F0E949A3CCF56DF4F68834C
:10F5700079838A839B83C159D04048E554E0BE011A
:10F580006F567F4FCE0183599F4F0E941233CE0199
:10F5900083599F4F0E94116060937B0F70937C0F83
:10F5A00080937D0F90937E0F45E554E0BE016F562A
:10F5B0007F4FCE0183599F4F0E941233CE01835952
:10F5C0009F4F0E9411606093830F7093840F80930C
:10F5D000850F9093860F42E554E0BE016F567F4F32
:10F5E000CE0183599F4F0E941233CE0183599F4F02
:10F5F0000E9411606093870F7093880F8093890F2A
:10F6000090938A0F4FE454E0BE016F567F4FCE01B6
:10F6100083599F4F0E941233CE0183599F4F0E94FE
:10F62000116060938B0F70938C0F80938D0F90936C
:10F630008E0F4EE856E0BE016F567F4FCE018359C4
:10F640009F4F0E941C5CBE0163597F4FCE018B57B8
:10F650009F4F0E94376B61E373E0CE0183599F4F48
:10F660000E942791BE0163597F4FCE018B579F4F58
:10F670000E94A28F6C01CE0183599F4F0E94EF9090
:10F68000CD2809F015C181E08093930F43E454E045
:10F69000BE016F567F4FCE0183599F4F0E94123398
:10F6A000CE0183599F4F0E94C25F9093950F809324
:10F6B000940F4CE354E0BE016F567F4FCE01835947
:10F6C0009F4F0E941233CE0183599F4F0E941160B9
:10F6D0006093960F7093970F8093980F9093990F64
:10F6E000AF961FAF0EAFAF9780E394E0E1969FAF68
:10F6F0008EAFE197CE0183599F4F0E949A3CC55728
:10F70000DF4F688379838A839B83CB58D0404BE259
:10F7100054E0BE0165577F4FCE0183599F4F0E9431
:10F720001233CE0183599F4F0E9411606093DC0F0A
:10F730007093DD0F8093DE0F9093DF0F48E254E06B
:10F74000BE0165577F4FCE0183599F4F0E941233F0
:10F75000CE0183599F4F0E9411606093E40F709314
:10F76000E50F8093E60F9093E70F45E254E0BE016A
:10F7700065577F4FCE0183599F4F0E941233CE01B0
:10F7800083599F4F0E9411606093E80F7093E90FB7
:10F790008093EA0F9093EB0F42E254E0BE0165576D
:10F7A0007F4FCE0183599F4F0E941233CE01835960
:10F7B0009F4F0E9411606093EC0F7093ED0F809348
:10F7C000EE0F9093EF0F4EE856E0BE0165577F4F66
:10F7D000CE0183599F4F0E941C5CBE0163597F4F2D
:10F7E000CE0181589F4F0E94376B61E373E0CE01D9
:10F7F00083599F4F0E942791BE0163597F4FCE01CD
:10F8000081589F4F0E94A28F6C01CE0183599F4F58
:10F810000E94EF90CD2809F04EC081E08093F40F54
:10F8200046E154E0BE0165577F4FCE0183599F4F9B
:10F830000E941233CE0183599F4F0E94C25F909362
:10F84000F60F8093F50F4FE054E0BE0165577F4FF0
:10F85000CE0183599F4F0E941233CE0183599F4F8F
:10F860000E9411606093F70F7093F80F8093F90F67
:10F870009093FA0FCE0181589F4F0E94EF90CE01D6
:10F880008B579F4F0E94EF90C8010E940F656091B7
:10F89000D60F7091D70F87E79FE00E94C53B60911C
:10F8A00037107091381088ED9FE00E94C53B90CCD6
:10F8B0001092930FEBCE1092F40FB2CFB701C801A4
:10F8C0000E94E76AAF961FAF0EAFAF978AE894E049
:10F8D000E1969FAF8EAFE197CE0183599F4F0E9473
:10F8E0009A3CCB57DF4F688379838A839B83C558C3
:10F8F000D04045E854E0BE016B577F4FCE0183599D
:10F900009F4F0E941233CE0183599F4F0E94116076
:10F9100060931A0F70931B0F80931C0F90931D0F11
:10F9200042E854E0BE016B577F4FCE0183599F4F91
:10F930000E941233CE0183599F4F0E941160609341
:10F94000220F7093230F8093240F9093250F4FE77E
:10F9500054E0BE016B577F4FCE0183599F4F0E94E9
:10F960001233CE0183599F4F0E9411606093260F7E
:10F970007093270F8093280F9093290F4CE754E042
:10F98000BE016B577F4FCE0183599F4F0E941233A8
:10F99000CE0183599F4F0E94116060932A0F70938C
:10F9A0002B0F80932C0F90932D0F4EE856E0BE0145
:10F9B0006B577F4FCE0183599F4F0E941C5CBE0145
:10F9C00063597F4FCE0181589F4F0E94376B61E38F
:10F9D00073E0CE0183599F4F0E942791BE01635966
:10F9E0007F4FCE0181589F4F0E94A28F5C01CE01B4
:10F9F00083599F4F0E94EF90AB2809F044C081E0EB
:10FA00008093320F40E754E0BE016B577F4FCE0129
:10FA100083599F4F0E941233CE0183599F4F0E94FA
:10FA2000C25F9093340F8093330F49E654E0BE01D8
:10FA30006B577F4FCE0183599F4F0E941233CE01E7
:10FA400083599F4F0E9411606093350F7093360F5A
:10FA50008093370F9093380FCE0181589F4F0E94AB
:10FA6000EF90C8010E940F656091750F7091760F3D
:10FA700086E19FE00E94C53B0E94A841C301B201FC
:10FA80000E94779653C91092320FBCCFC301B201C6
:10FA90000E94779645C967EF76E083E19EE00E9479
:10FAA000509447EA58E0C301B2010E94B37167C99C
:10FAB00089EE94E00E942D94FA82E98280EE94E02F
:10FAC0009C838B83C8010E94753C009709F458C041
:10FAD0000E94465F9093CF078093CE07FA82E98217
:10FAE00085ED94E09C838B83C8010E94753C009750
:10FAF00009F449C00E94465F9093D1078093D007D4
:10FB0000FA82E9828FEC94E09C838B83C8010E9487
:10FB1000753C0097D9F10E94CB5F6093D207709338
:10FB2000D3078093D4079093D5078FEB94E00E947E
:10FB3000107F8091CE079091CF070E94A0948DEA0C
:10FB400094E00E94107F8091D0079091D1070E948D
:10FB5000A09480EA94E00E94107F6091D207709197
:10FB6000D3078091D4079091D5070E94B29470E09A
:10FB700060E0C1010E94C07F81E08093D707D6C8B2
:10FB800090E080E0A7CF90E080E0B6CF60E070E04A
:10FB9000CB01C3CF1A8219821C821B821E821D8256
:10FBA00062E974E0C8010E947990C8010E94E77F71
:10FBB000C8010E94EF90BAC8CF93DF9300D000D065
:10FBC000CDB7DEB78230910551F08330910541F118
:10FBD000892BE9F481EF93E00E942D9418C085EE03
:10FBE00093E00E942D941A8219821C821B821E822D
:10FBF0001D826BED73E0CE0101960E947990CE01DB
:10FC000001960E94E77FCE0101960E94EF90269612
:10FC10000FB6F894DEBF0FBECDBFDF91CF91089530
:10FC2000CB010E942774F3CFE1E3F2E190E02FEFE4
:10FC30003FEF981791F04191242748E0B901617096
:10FC4000772736952795672B21F051E0252750EA35
:10FC50003527415099F79F5FECCF922F832F08955E
:10FC60000895AF92BF92CF92DF92EF92FF920F93DF
:10FC70001F93CF93DF936C017B018B01040F151F42
:10FC8000EB015E01AE18BF08C017D10759F06991AA
:10FC9000D601ED91FC910190F081E02DC6011995FE
:10FCA000892B79F7C501DF91CF911F910F91FF90BB
:10FCB000EF90DF90CF90BF90AF9008950F931F9378
:10FCC000CF93DF93EC010E941A3F688779878A8778
:10FCD0009B87E881F9810284F385E02DCE01199597
:10FCE00097FF15C00E941A3F088519852A853B8514
:10FCF000601B710B820B930B0C811D812E813F8148
:10FD0000601771078207930720F38FEF9FEFDF9152
:10FD1000CF911F910F9108950F931F93CF93DF936E
:10FD2000EC0180E2689FF0011124EA58F44F6A8BDD
:10FD300080910B0290910C02A0910D02B0910E02E5
:10FD40008E879F87A88BB98B0489158930E020E0C6
:10FD50009801112700270F8B188F298F3A8F828DDA
:10FD6000938DB0E0A0E0AC01BD01402B512B622B84
:10FD7000732B4F8B588F698F7A8F83858871A9F485
:10FD8000848D958DA68DB78D8B8B9C8BAD8BBE8B0B
:10FD900081E08D8381E08C831E821F821886198604
:10FDA0001A861B861C861D8603C0803131F080E0D8
:10FDB000DF91CF911F910F9108959E012D5E3F4FCE
:10FDC0008B8D9C8D0E949C4C882389F384E0E1CF2D
:10FDD0000F931F93CF93DF93EC0188819981009754
:10FDE00059F02A813B812617370730F081E0DF91F7
:10FDF000CF911F910F9108958B016F5F7F4F0E94EC
:10FE00004BB0009759F0998388831B830A832C8118
:10FE10003D81232B59F7FC011082E8CF80E0E7CF2A
:10FE20000F931F93CF93DF938C01D0E0C0E0F801D4
:10FE3000EC0FFD1F6491662341F083E19EE00E9478
:10FE40004E04892B11F02196F2CFCE01DF91CF9194
:10FE50001F910F910895CF92DF92EF92FF920F932F
:10FE60001F93CF93DF93CDB7DEB72E970FB6F894DD
:10FE7000DEBF0FBECDBFC82E7B018A01D22E80917E
:10FE8000971290919812009709F050C080919512A6
:10FE900090919612029709F052C0BE016F5F7F4F9A
:10FEA0008EE0FB0111928A95E9F742E00E371105C9
:10FEB00028F044E00F3F100709F44AE0D1104C5FEE
:10FEC0008C2D80688983DD2011F080E88A838A8107
:10FED0000E37110508F042C0802B8A83FE0133964D
:10FEE000DD2021F0108211821282138280919712FC
:10FEF0009091981250E0DC01ED91FC910280F38129
:10FF0000E02D1995E114F104D1F001151105B9F0B6
:10FF10008091971290919812DC01ED91FC910280F2
:10FF2000F381E02DA801B701199509C0DC01ED911D
:10FF3000FC910688F789E02D19958111A7CF2E969F
:10FF40000FB6F894DEBF0FBECDBFDF91CF911F91EA
:10FF50000F91FF90EF90DF90CF9008950F3F100723
:10FF600039F08E678A831B830C83FE013596B8CFE8
:10FF70008F678A838FEF89878A87FE013B96B0CF90
:10FF80000F931F93CF93DF938C01EB01209739F4EC
:10FF9000EC0109900020E9F72197C81BD90B64E90F
:10FFA00072E18AE892E10E943D2F882359F021E016
:10FFB000AE01B80181E090E0DF91CF911F910F91E8
:10FFC0000C942B7FDF91CF911F910F910895FC012D
:10FFD00064817581808191810C94C07FCF92DF9282
:10FFE000EF92FF92CF93DF93EC016A017B01E889E6
:10FFF000F98982E08083C11481EED806E104F1041E
:020000021000EC
:10000000A1F060E079E08DE390E0A70196010E9405
:100010008CAD2150310941095109569547953795C5
:100020002795211580E1380798F0E889F989108231
:1000300060E874E88EE190E0A70196010E948CAD23
:100040002150310941095109569547953795279512
:10005000EC85FD853083EE85FF852083188EEC8945
:10006000FD8986E08083EA89FB89808180618083C5
:10007000EA89FB89808188608083EA89FB898081A5
:1000800080688083EA89FB8980818F7D8083DF910E
:10009000CF91FF90EF90DF90CF900895EF92FF9275
:1000A0001F93CF93DF93CDB7DEB72C970FB6F8949D
:1000B000DEBF0FBECDBF2D833E83A42F4F83452FC0
:1000C000588769877A878B879C8789859A8550911D
:1000D0002D1251114AC150912F12511148C15FEF99
:1000E000520F573F08F045C1EB85FC85F09389120C
:1000F000E0938812209331123093321240933312DE
:10010000A0933412353009F4B6C008F09BC03130EA
:1001100008F0A9C010917112812F0E94147EE12F66
:10012000F0E0E55DFD4E9683E1E0E10FF0E0E55D96
:10013000FD4E86831E5F1093711280912E128230C5
:1001400038F061E00E94B23D61E08BE00E94B23D78
:1001500080912B1290912C124091711250E0DC0191
:10016000ED91FC910280F381E02D61E372E119953C
:1001700080912E12823090F180912B1290912C124E
:10018000DC01ED91FC910680F781E02D19958091BD
:10019000831290918412A0918512B0918612898366
:1001A0009A83AB83BC8389819A81AB81BC81AC018A
:1001B000BD01415051096109710949835A836B831B
:1001C0007C83892B8A2B8B2B71F760E080912E1218
:1001D0000E94B23D60E08BE00E94B23D80912B1204
:1001E00090912C12DC01ED91FC910284F385E02DBD
:1001F000199597FFF3CF109271120E941A3F6093E6
:100200007F1270938012809381129093821280915A
:1002100075129091761201969093761280937512D2
:1002200081E080932F121092301280E02C960FB64E
:10023000F894DEBF0FBECDBFDF91CF911F91FF902D
:10024000EF9008953F3019F1303109F45AC036303B
:1002500009F060CF818180933512808180933612BE
:100260003093711257CF909335128093361286E0F7
:10027000809371124FCF81E020813181232B09F4CB
:1002800080E081958093351210923612F0CF9C0158
:1002900044E0369527954A95E1F7220FAC014F705F
:1002A0005527452B09F02F5F909335128093361216
:1002B0002093371287E08093711250E040E0822F44
:1002C00090E020917112E22EF12C4817590708F0A6
:1002D00021CFBA016E7F6E0F7F1FDB011C9111963B
:1002E0003C91D701A55DBD4E40FF08C016961C93FA
:1002F0002F5F209371124F5F5F4FE3CF16963C93B1
:10030000F7CF9093351280933612282F220F209327
:10031000371227E02093711250E040E020917112D3
:10032000622F70E031E0320FE32EF12C2E5F841744
:10033000950709F4EFCE11813296655D7D4EDB01A4
:1003400016961C9330937112B701655D7D4E7B014B
:10035000BF0162507109DB013C91D70116963C93B5
:10036000209371124F5F5F4FD9CF8EEF5FCF8FEF2A
:100370005DCF8DEF5BCFCF92DF92EF92FF920F9325
:100380001F93CF93DF9380912B1290912C12DC015D
:10039000ED91FC910084F185E02D1995182F0E94B4
:1003A0001A3FC0907F12D0908012E0908112F0909E
:1003B0008212AB01BC014C195D096E097F09809165
:1003C000791290917A12B0E0A0E084179507A60701
:1003D000B707C0F410922F128FEF809330128091E4
:1003E00077129091781201969093781280937712F9
:1003F00080E0DF91CF911F910F91FF90EF90DF9000
:10040000CF9008951123A1F380917212181769F00B
:10041000109372120E941A3F60937B1270937C12A9
:1004200080937D1290937E12E3CF0E941A3F009139
:100430007B1210917C1220917D1230917E12601BF4
:10044000710B820B930B653071058105910580F26C
:100450001092721280912E12823038F060E00E9469
:10046000B23D60E08BE00E94B23D1092711210E04C
:1004700080912B1290912C12DC01ED91FC91008463
:10048000F185E02D1995892BC9F080912B1290915F
:100490002C12DC01ED91FC910284F385E02D19957D
:1004A00090917112E92FF0E0E55DFD4E86839F5F2C
:1004B000909371129034E0F211E0DACF80917312D0
:1004C0009091741201969093741280937312112379
:1004D000B9F08091771290917812019690937812EA
:1004E000809377128DEF10922F1220917712309116
:1004F00078122F5F3F4F309378122093771279CF85
:1005000090917112892F963074F3092F10E08EEFBD
:10051000890F0E94147EF801E55DFD4E248135812E
:100520002327322723272817390769F0809177126C
:1005300090917812019690937812809377128FEFB2
:1005400010922F1256CF80913212EAECF2E087FF20
:100550000BC0809177129091781201969093781247
:10056000809377128BEFECCF9191891709F455C0E6
:10057000B2E0E23DFB07C1F78091771290917812CB
:100580000196909378128093771281E0D9CF80E022
:1005900090913312891708F047C0E82FE6952E2F67
:1005A00030E0220F331FE0918812F0918912E20FA0
:1005B000F31F90814181A82FB0E0A55DBD4E199633
:1005C0002C9130E080FF07C0492F522F9A013183D0
:1005D00020838F5FDDCF50E0252B342BF8CF90E0C8
:1005E00080E023E03091331236958317E8F4E22F50
:1005F000F0E0AC01440F551FA0918812B091891210
:10060000A40FB51FE55DFD4E46813781542F432F62
:100610004D935C932E5F0196E5CF813028F08330B7
:1006200008F4B5CF8530D8F210922F1283E6E1CED0
:10063000FF920F931F93CF93DF93EC01162FF72EAA
:100640000E943EAD8117E1F0612FCE010E944CADBA
:1006500001E010E02196CE010E943EAD8F1531F0F1
:100660006F2DCE010E944CAD0F5F1F4F81E0012B1B
:1006700009F480E0DF91CF911F910F91FF900895D1
:1006800010E000E0E7CF60914011709141116E5F82
:100690007F4F8FED90E10E947F5CBC018EE790E17F
:1006A0000C947F5CCF93DF931F921F92CDB7DEB780
:1006B00020919512309196122230310569F493E021
:1006C00099838A8320E042E050E0BE016F5F7F4F54
:1006D00088E090E00E942B7F64E972E18AE892E171
:1006E0000E94BC360F900F90DF91CF9108950F9329
:1006F0001F93CF93DF93EC010E941A3F8B010E945E
:1007000084458F3F69F00E941A3F601B710B6C1784
:100710007D07A8F380E0DF91CF911F910F9108959D
:1007200081E0F9CFAF92BF92CF92DF92EF92FF922A
:100730000F931F93CF93DF9300D000D000D01F9270
:100740001F92CDB7DEB76C01FE013196CE010C963B
:100750007F0120E22193E817F907E1F7DA0120E0B1
:1007600037E09D91B92E9923A9F19E32B9F43A3020
:1007700091F480E02B960FB6F894DEBF0FBECDBF8C
:10078000DF91CF911F910F91FF90EF90DF90CF906D
:10079000BF90AF90089528E03AE0E3CFE6EFF6E0AF
:1007A0008491882321F031969813FACFE2CF321743
:1007B00000F38FED890F8E35E0F68FE9890F8A31CE
:1007C00018F440EEB42EB90EF701E20FF11DB0821D
:1007D0002F5FC7CF8981803261F28B01FB01838D4E
:1007E000948DF601948F838FFB01168217821086F9
:1007F00011861286138614861586F80182859385E4
:10080000A485B585438954896589768984179507B8
:10081000A607B70708F0ADCF25E0B695A795979541
:1008200087952A95D1F7F82FFF70AF2EF8018581B3
:10083000823008F49ECFC8010E94A24F97FD99CF45
:10084000F80182859385A485B5854F96A11DB11DBC
:1008500082879387A487B587F0E2AF9EB001112409
:100860006A58744F6115710509F483CFFB018081CB
:10087000882309F1853E19F4B11032C01EC04BE047
:1008800050E0C7010E9439B1892B09F0B6CF6A2D1B
:10089000C6012B960FB6F894DEBF0FBECDBFDF9119
:1008A000CF911F910F91FF90EF90DF90CF90BF906D
:1008B000AF900C948C7EB1105CCFF601A28A80912F
:1008C0000B0290910C02A0910D02B0910E0286874E
:1008D0009787A08BB18BFB018081882309F449CFD6
:1008E000BB24B3948ACFCF93DF93FC0125812223CD
:1008F00021F080E0DF91CF910895EC018091E80E26
:10090000803159F582E08583178A108E118E128E00
:100910008091E90E9091EA0EB0E0A0E025E0880F0A
:10092000991FAA1FBB1F2A95D1F7838B948BA58B88
:10093000B68B81ED9EE09C8F8B8F81E08C831E8235
:100940001F82188619861A861B861C861D861E869F
:100950001F86188A198A1A8ACDCF803251F683E011
:1009600085834091EB0E5091EC0E6091ED0E7091ED
:10097000EE0E478B508F618F728F9F012D5E3F4F20
:1009800081ED9EE00E949C4C8111D3CFB2CF6F923B
:100990007F928F929F92AF92BF92CF92DF92EF920F
:1009A000FF920F931F93CF93DF93E091730BF0911E
:1009B000740BDF0120E833E341EE51E00E9479AD92
:1009C0004B015C012FE4921A2EEFA20A26E7B20A2D
:1009D00022EB37E0C4E6D0E000E911E02E173F0734
:1009E000D8F16090720B712CCF0164E670E00E9428
:1009F000E8AE7C01CF0160E971E00E94E8AE6C01D5
:100A00000AE812E0C1E0D0E0E370FF27C615D70581
:100A1000F4F5D8018D918D01A82FB0E020E831E5E3
:100A200041E050E00E9479AD860E971EA81EB91EC7
:100A3000C230D10579F4309731F0E114F10451F46A
:100A4000C114D10439F0B0E88B0EB1E59B1EB1E0C2
:100A5000AB1EB11C2196DACFC90183709927892B6F
:100A600061F0C901BE010E94E8AE892B69F4C90199
:100A7000B8010E94E8AE892B39F080E8880E81E544
:100A8000981E81E0A81EB11C2F5F3F4FA7CFA091F9
:100A9000710BB0E020E831E541E050E00E9479AD13
:100AA000C0906D0BD12CF12CE12C20E8C21A21E56D
:100AB000D20A21E0E20AF108C60ED71EE81EF91E8E
:100AC00020916F0B30E0A0E1BEE00E94AEADC60EFB
:100AD000D71EE81EF91E20916E0B30E0ACE3B0E0AB
:100AE0000E94AEAD6C0D7D1D8E1D9F1D680D791D84
:100AF0008A1D9B1DDF91CF911F910F91FF90EF9069
:100B0000DF90CF90BF90AF909F908F907F906F902D
:100B10000895982F2091B30E81E0213208F043C050
:100B20008091B20E8111FCCF80916B0B32E030933B
:100B3000B20E9093B10E9FEF9093490B1092480B19
:100B40002093470BABE4BBE0E7E2FBE090E0291326
:100B500031C01092260B9091260B880F892B809321
:100B6000260B8091B00E813049F51092B00E809125
:100B7000260B8093BB008091BC0083FDF8CF85ECF1
:100B80008093BC008091B20E8230E1F38091490BDA
:100B90008F3FB1F08091490B8032A1F08091490BD9
:100BA000803391F084E01092B40E1092B30E109244
:100BB0004A0B08953D9131939F5FC9CF85EEE0CFF9
:100BC00080E0F1CF82E0EFCF83E0EDCFCF9381E003
:100BD00080934A0B88E680936B0B1092B40E1092B0
:100BE000B30E60E087EB9EE00E943E0681E00E942B
:100BF0008985882321F010926C0B80E0ACC0909125
:100C0000B20E9111FCCF91E09093B20E9093B10E81
:100C10002FEF2093490B1092480B26E02093470BAF
:100C20009093260B9091260B906D9093260B9091AC
:100C3000B00E913009F091C01092B00E9091260B39
:100C40009093BB009091BC0093FDF8CF95EC9093EE
:100C5000BC009091B20E9130E1F39091480B973027
:100C600008F07DC09091480BA7E2BBE0E6E0FBE016
:100C7000891377C01092B60E8093B50E873008F4B2
:100C8000BCCF87EB9EE00E94F705982F9095991FA7
:100C90009927991F90936C0B982F92959770CAE0A3
:100CA0008F709C9F800D112480936D0B87EB9EE0CD
:100CB0000E94F705982F92959F708F709C9F800DD2
:100CC000112480936E0B87EB9EE00E94F705982F0E
:100CD000929593708F709C9F800D112480936F0B61
:100CE00087EB9EE00E94F705982F92959F708F707A
:100CF0009C9F800D11248093700B87EB9EE00E94D7
:100D0000F705982F92959F708F709C9F800D1124EE
:100D10008093710B87EB9EE00E94F705982F9295C8
:100D20009F708F709C9F800D11248093720B87EBB6
:100D30009EE00E94F705982F92959F708F709C9F60
:100D4000800D112490E08053984F9093740B809302
:100D5000730B80916C0BCF91089595EE78CF97E04F
:100D600083CF2D9121938F5F83CF8F929F92AF92EC
:100D7000BF92CF92DF92EF92FF92CF9325EC3EE0AD
:100D80003093050B2093040B882309F46DC040E0D9
:100D900060E070E0CB010E942F4B81110BC080E01E
:100DA000CF91FF90EF90DF90CF90BF90AF909F904A
:100DB0008F9008958091340D8F7789F78091400D41
:100DC0009091410DA091420DB091430D8436910553
:100DD000A105B10520F3C0903C0DD0903D0DE090F1
:100DE0003E0DF0903F0DC114D104E104F104B9F2BD
:100DF00040E0C701B6010E942F4B882381F2809109
:100E0000810B9091820B8115924049F6A091860B3F
:100E1000AA2329F26091840B7091850B61157105ED
:100E200009F4BDCF2091830B222309F4B8CFA093FE
:100E3000E30E2093D50E90E080E030E0E1E0F0E0BA
:100E4000C82FAF01082E02C0440F551F0A94E2F7C5
:100E50002417350769F041E0480F01968930910564
:100E600079F74093DE0E9BCFC12CD12C7601C0CFF9
:100E70008093DE0E20918C0B30918D0B50E040E082
:100E80002115310541F420919A0B30919B0B409133
:100E90009C0B50919D0B2093D60E3093D70E409310
:100EA000D80E5093D90E46015701860E971EA11CED
:100EB000B11C8092E40E9092E50EA092E60EB092E4
:100EC000E70EE091870BF091880BF093EA0EE09328
:100ED000E90EB0E00E9479ADDC01CB01880D991DCF
:100EE000AA1DBB1D8093EB0E9093EC0EA093ED0E0C
:100EF000B093EE0E25E0EE0FFF1F2A95E1F7E150CB
:100F0000FE4FEF2FFF27E6958E0F9F1FA11DB11DEE
:100F10008093DF0E9093E00EA093E10EB093E20E6B
:100F20008090890B90908A0BB12CA12C8114910494
:100F300041F48090960B9090970BA090980BB090F6
:100F4000990BC81AD90AEA0AFB0AC80CD91CEA1C70
:100F5000FB1C04C0F694E794D794C794CA95D2F7C3
:100F6000C092DA0ED092DB0EE092DC0EF092DD0E33
:100F700085EFC8168FE0D806E104F10428F48CE070
:100F80008093E80E81E00CCF80E125EFC2162FEFB1
:100F9000D206E104F104A0F38091A20B9091A30B7F
:100FA000A091A40BB091A50B8093EB0E9093EC0E47
:100FB000A093ED0EB093EE0E80E2E2CFCF92DF92DF
:100FC000EF92FF921F93CF93DF93CDB7DEB7C45458
:100FD000D1090FB6F894DEBF0FBECDBFFC01428130
:100FE00053816481758123964CAF5DAF6EAF7FAF47
:100FF000239781E023968FAF23972396CCACDDAC6B
:10100000EEACFFAC2397CBAADCAAEDAAFEAA4DA7B3
:101010005EA76FA778AB88ABCDA4DEA4EFA4F8A839
:10102000CFA2D8A6E9A6FAA68EABCBA8DCA8EDA8DD
:10103000FEA8C9A2DAA2EBA2FCA222E133E03C8B1B
:101040002B8B9FEF9D8B9E8B9F8B188E3E872D87C2
:101050008AA7CFA0D8A4E9A4FAA4CF86D88AE98A1F
:10106000FA8A8CA389A19AA1ABA1BCA189879A878E
:10107000AB87BC873A8329834B835C836D837E83F4
:101080008091C51281116EC060E372E080E090E053
:101090000E94E83E0E940C46EAEBF6E0E491F0E0A4
:1010A000EE0FFF1FEA56F94F859194919093010B33
:1010B0008093000BEAE5F6E0E491E093FF0A61E03B
:1010C0008AE00E94E03D0E94424680E591E00E9455
:1010D0005A4984E38093020B80E80E94AE470E9445
:1010E0009847882309F476C088E00E94AE470E94A2
:1010F0008547883009F06EC080E10E94AE470E94AB
:101100008547803109F066C080E00E94AE470E94AA
:101110008547182F81115EC041E050E0BE016D5B34
:101120007F4F8FE190E00E944C4624968FAD24972C
:10113000833009F04FC080E48093030B42E06EE1FE
:1011400070E0812F0E94FE4742E06FE170E0812F46
:101150000E94FE471F5F183089F70E944E4981E0C8
:101160008093C51280E591E00E945A4946E050E024
:1011700065E072E089E090E00E94D74644E050E0EC
:10118000BE016D5F7F4F8FE090E00E94D74644E044
:1011900050E0BE01615F7F4F81E090E00E94D74642
:1011A00044E050E0BE016B5E7F4F85E090E00E941E
:1011B000D7460E944E4981E08C8789859A85AB8508
:1011C000BC858093100F9093110FA093120FB093D2
:1011D000130F71C087E38093020B80E80E94AE4733
:1011E0000E949847882339F188E00E94AE470E9408
:1011F0008547883001F580E10E94AE470E9485470F
:10120000182F8031C1F480E00E94AE470E948547CC
:10121000811111C041E050E0BE016D5B7F4F89E359
:1012200090E00E944C4624968FAD2497843019F4A8
:101230001093030B92CF83E38093020B80E80E940C
:10124000AE470E949847882391F180E10E94AE4703
:101250000E948547803159F582E10E94AE470E9485
:101260008547823121F580E00E94AE470E94854784
:1012700081111DC084E08093030B15E525961FAFF7
:10128000259741E050E0BE016C5B7F4F8BE190E021
:101290000E94D74624961FAF249741E050E0BE013C
:1012A0006D5B7F4F8AE190E00E94D74656CF109247
:1012B000020B0E944E49CC5BDF4F0FB6F894DEBFA5
:1012C0000FBECDBFDF91CF911F91FF90EF90DF90C8
:1012D000CF9008958F929F92AF92BF92CF92DF925C
:1012E000EF92FF920F931F93CF93DF93EC017B015B
:1012F000D42E0E94FA5B8C01892B09F050C0CE01DC
:101300000E94B65B863609F457C174F5873229F01E
:101310008B35B1F1823209F058C11D821C828A815D
:101320009B81892B81F408811981F8016081718189
:101330008FE190E00E942D65009719F421E0F801FB
:1013400022839B838A83CE010E945E608C01892B5D
:1013500031F5CE010E943D61F7012481207825609E
:101360002483918380831BC0843709F40DC18B379C
:1013700009F458C08E3609F028C16CE273E00DC143
:10138000F7018481807880648483E114F10419F08A
:101390008FEF80838183D11010C005E010E0C80179
:1013A000DF91CF911F910F91FF90EF90DF90CF9041
:1013B000BF90AF909F908F9008951A86CE010E94A3
:1013C000FA5B009709F085C06DE5CE010E94C65B0F
:1013D0008111E5CFDA946B857C85C7010E94A261FB
:1013E0006115710519F404E010E0D9CF4D2DCE013F
:1013F0000E946A89009709F06CC0CE010E94FA5BD6
:10140000009709F066C06DE5CE010E94C65B8111B0
:10141000C6CF6CE2CE010E94C65B8111DCCF03E037
:1014200010E0BDCFC7010E9470625C01DD2009F4AD
:10143000B4CF1A86CE010E94FA5B009709F049C02A
:101440006DE7CE010E94C65B8111A9CFCC24C39465
:10145000DA941D821C828A819B81892B79F4E88031
:10146000F980F701608171818FE190E00E942D6524
:10147000009711F4F701C2829B838A83CE010E94F8
:10148000B65B8732E1F08232D1F0CE010E94B65BCA
:10149000F82E0E94075B882311F21A866F2DCE0169
:1014A0000E942560CE010E94B65BF82E0E94075B69
:1014B0008111F3CF8A819B81892B31F494CFCE01A6
:1014C0000E945E60009729F4CE010E94FA5B0097AB
:1014D00011F08C0164CF6AE3CE010E94C65B8823C1
:1014E00009F49DCFEA81FB818C819D81E80FF91F72
:1014F00014824B855C856A817B816C5F7F4FC5015F
:101500000E94195BCB017B01672BC9F5CE010E94BC
:101510003D614C016B857C85C5010E94A2617B0108
:101520006115710509F45FCFFB01848180688483B4
:10153000F4E08F0E911CF701978286824D2DB70142
:10154000CE010E946A89009721F6CE010E94FA5BC3
:10155000009709F0BECF6DE7CE010E94C65B8111F6
:101560001ECF6CE2CE010E94C65B882309F457CFE0
:10157000CE010E94FA5B009709F46BCFAACF6B856E
:101580007C850E94DC62DACFF701848180788660F6
:10159000848381E0808361E373E0CE01DF91CF91AA
:1015A0001F910F91FF90EF90DF90CF90BF90AF9081
:1015B0009F908F900C94D75BF70184818078866030
:1015C0008483108266E373E0E8CFCE010E94B65BAD
:1015D0005E01FDE0AF0EB11CD12C9A2CCB2C8033D8
:1015E00074F08A3374F49FE3D91699F01A86D39471
:1015F000F50181935F01CE010E94B65BF0CF8B3283
:1016000091F393ED980F923070F3982F9F7D95345E
:1016100051F3CD0DD11D1D86B701892D9C2D0E9442
:10162000005D8111BCCEFBCE8F929F92AF92BF9294
:10163000EF92FF920F931F93CF93DF937C01EB0107
:101640000E941A3F4B015C01209709F44DC0809124
:10165000971290919812009761F480E0DF91CF91FA
:101660001F910F91FF90EF90BF90AF909F908F9040
:101670000895DC01ED91FC910688F789E02D19951C
:10168000882359F30E941A3F681979098A099B092E
:101690006D3D75408105910500F7809197129091FD
:1016A0009812DC01ED91FC910084F185E02D1995F3
:1016B000892B51F28091971290919812DC01ED9153
:1016C000FC910288F389E02DAE01B70119958C01D8
:1016D000892B09F4B9CF0E941A3F4B015C01E00E3F
:1016E000F11EC01BD10BB0CF81E0B8CF4F925F92FB
:1016F0006F927F928F929F92AF92BF92CF92DF9222
:10170000EF92FF920F931F93CF93DF93CDB7DEB786
:1017100063970FB6F894DEBF0FBECDBF7C016B019F
:101720003A01FB0120E090E080E06AE03191332350
:1017300009F461C040ED430F4A3008F04DC0689F86
:10174000A001699F500D1124CA01C097830F911DFC
:1017500037FD9A958F3F910549F340F3F701428198
:101760005381648175818091EC129091ED12A0916A
:10177000EE12B091EF12481759076A077B0709F478
:101780000DC28701085F1F4F0E941A3F6F707727B5
:101790007C5FC8010E942358813009F004C282E1B5
:1017A00093E09A838983F70182819381A481B58133
:1017B0008B839C83AD83BE8345E350E0BE016F5FA6
:1017C0007F4FC8010E94AC58892BA9F5D12CC12CA0
:1017D000C8010E945C5617C03E3209F0BFCF2330CB
:1017E00009F4BCCFD301A20FB11D12968C932F5FC9
:1017F00090E080E09BCF233009F0B0CFF3018583E8
:10180000CC24C394D12CC60163960FB6F894DEBFE6
:101810000FBECDBFDF91CF911F910F91FF90EF9041
:10182000DF90CF90BF90AF909F908F907F906F9000
:101830005F904F9008950E941A3FF7017783668367
:1018400042E050E0B7016A5F7F4FC8010E944158F3
:1018500081E090E09A83898342E050E0BE016F5FAF
:101860007F4FC8010E94415880E091E09A838983AC
:1018700042E050E0BE016F5F7F4FC8010E944158B7
:101880001A82198242E050E0BE016F5F7F4FC801AB
:101890000E94415842E050E0BE016F5F7F4FC80197
:1018A0000E94415842E050E0BE016F5F7F4FC80187
:1018B0000E9441585601F6018081882301F165019B
:1018C000F60181912F01882311F08E32B1F4460187
:1018D0008A189B081814190474F48D8641E050E0AE
:1018E000BE01635F7F4FC8010E944158A401B5014A
:1018F000C8010E9441585201DECF6201E1CF1D862E
:1019000041E050E0BE01635F7F4FC8010E94415833
:10191000C12CDD24D394DA82C98242E050E0BE01BA
:101920006F5F7F4FC8010E944158DA82C98242E04E
:1019300050E0BE016F5F7F4FC8010E944158C8014F
:101940000E947B58892B09F441CFF3E0AF2EB12CD4
:10195000230122E0420E511CD4C0F7014281538181
:1019600064817581808D918DA28DB38D4817590743
:101970006A077B0709F008C1848D958DC59709F02A
:1019800003C181A192A15DEFC52EDD24DA940C97ED
:101990000CF4ADC04CE050E0BE016F5F7F4FC8015A
:1019A0000E943B558B819C819827892798279A8B89
:1019B000898BF7014681578129813A814217530764
:1019C00009F0E7C097FFE5C08F7092703BEFC32E20
:1019D000DD24DA94892B09F08AC06F80788476241C
:1019E000672476242AEFC22EDD24DA946114710470
:1019F00009F47DC0D12CC12C8D819E819827892727
:101A00009827C816D906F8F441E050E0BE01635F9C
:101A10007F4FC8010E943B554D85442331F050E073
:101A200070E060E0C8010E943B558D858111ECCFCC
:101A300044E050E070E060E0C8010E943B55FFEFD9
:101A4000CF1ADF0AD9CF912C812C41E050E0BE01A2
:101A50006D5E7F4FC8010E943B554B89842F807C6F
:101A600009F06CC0442331F050E070E060E0C80140
:101A70000E943B558B898111E8CF42E050E0BE01C6
:101A8000615F7F4FC8010E943B5542E050E0BE01BC
:101A9000635F7F4FC8010E943B5544E050E070E017
:101AA00060E0C8010E943B5542E050E0BE016F5E1D
:101AB0007F4FC8010E943B558F85988949895A8973
:101AC0008115914009F043C0CD84DE84DC24CD240F
:101AD000DC2481E0C816D104D1F54115544009F049
:101AE0004AC044E050E0B201C8010E943B5521E0E9
:101AF000A21AB10809F46CCEFFEFCF16DF0609F089
:101B000067CE0E941A3F3B014C01C8010E948455D8
:101B1000181619060CF421CF0E941A3F661977098E
:101B200088099909693873418105910548F562E38F
:101B300070E080E090E00E94E83EE7CF41E050E0B6
:101B400070E060E0C8010E943B551B8A93CF542788
:101B50004527542770E060E0C8010E943B55FFEF25
:101B60008F1A9F0A6814790409F06FCF96EFC92E77
:101B7000DD24DA94BCCFE7EFCE2EDD24DA94B7CFA4
:101B8000CC24CA94DC2CB3CF6EEFC62EDD24DA94BD
:101B9000AECF4CEFC42EDD24DA94A9CF8EEFC82E41
:101BA000DD24DA9430CED12CC12C2DCE8F929F9291
:101BB000AF92BF92CF92DF92EF92FF920F931F935B
:101BC000CF93DF93CDB7DEB760970FB6F894DEBF43
:101BD0000FBECDBF7C019091020B992361F108E00B
:101BE000933309F404E06B0180E591E00E945A49C7
:101BF0009E012F5F3F4F5901490110E063E070E003
:101C0000812F0E941B48F40181934F018823D9F052
:101C10001F5F0113F3CF00E0F50181915F018D316A
:101C200061F0883151F08A51823038F00F5F101323
:101C3000F3CF0E944E4918E083C060E170E0802F2E
:101C40000E943848102FA12EB12C83EE93E001970B
:101C5000F1F742E870E060E0812F0E94FE474FEF0D
:101C600062E070E0812F0E94FE47B601C114D104EA
:101C700091F4809103029091040201968115F0EC99
:101C80009F0708F471C0909304028093030260914F
:101C9000030270910402812F0E94E84786E0E4E885
:101CA000F2E0DE01199601900D928A95E1F7F701B5
:101CB00083818F778C8784818D8785818E87A7012B
:101CC0004E5F5F4F24E030E06CE070E0812F0E94B7
:101CD000C147B601812F0E94D24726E030E0AE0115
:101CE000475F5F4F66E070E0812F0E94C14761E06F
:101CF00070E0812F0E94384827E02A9DC0012B9D6B
:101D0000900D11249C01215A374F7901F90111825C
:101D1000108222E030E0AE01415F5F4F68E270E088
:101D2000812F0E9448488F8598899827892798276E
:101D3000F701938382831682158214820E944E4992
:101D4000812F60960FB6F894DEBF0FBECDBFDF9136
:101D5000CF911F910F91FF90EF90DF90CF90BF90A8
:101D6000AF909F908F90089580E090EC8CCFFC0115
:101D700080819181009711F00C9416A960E070E0C9
:101D8000CB010895AF92BF92CF92DF92EF92FF9274
:101D90000F931F93CF93DF93DC01CD90DC901197CD
:101DA000C114D10439F01496CD91DC918C017601E7
:101DB000209761F4DF91CF911F910F91FF90EF90E9
:101DC000DF90CF90BF90AF90089575015701BFEF9E
:101DD000AB1ABB0AF7018081082E000C990B0E94F8
:101DE000EEAB892B91F72197CC0DDD1D8881082E54
:101DF000000C990B0E94EEAB892B29F0CE15DF0564
:101E000010F02197F3CFAE014F5F5F4F4E195F097E
:101E1000D80115965C934E931497CE14DF0420F4EA
:101E2000B701C6010E9446B1D801ED91FC9111970E
:101E300014968D919C91E80FF91F1082BBCFDF9211
:101E4000EF92FF920F931F93CF93DF93FC01E480F7
:101E5000F580E114F10451F48FEF9FEFDF91CF9102
:101E60001F910F91FF90EF90DF900895EC0101908A
:101E7000F081E02DEE0DFF1DD080108208811981C8
:101E8000062E000C770BC8010E948EB10E0D1F1D8F
:101E9000F801D082009701F328813981821B930BCE
:101EA000DDCFCF93DF93FC0124813581232B79F0A3
:101EB000C081D181062E000C770BCE010E9456B155
:101EC000009729F08C1B9D0BDF91CF9108958FEF28
:101ED0009FEFFACFEF92FF920F931F93CF93DF9371
:101EE0008617970769F1FC0124813581FB01448144
:101EF000558124173507E1F4232B11F1FC010081F2
:101F00001181FB01C081D181F80181918F0188236A
:101F1000B9F0082E000C990B0E9431B17C01899117
:101F2000082E000C990B0E9431B1E816F90661F3F6
:101F300080E0DF91CF911F910F91FF90EF90089576
:101F400081E0F7CFCF93DF93EC01A881B981EB015A
:101F5000E881F9811097F1F03097B1F4EC018C81B0
:101F60009D81892BC9F08C9190E00BC0DB01149608
:101F70008D919C91892B81F0808190E09195819544
:101F80009109DF91CF910895BF01CD01DF91CF91EC
:101F90000C9461B1309751F790E080E0F2CFEF926E
:101FA000FF920F931F93CF93DF936115710541F457
:101FB00080E0DF91CF911F910F91FF90EF900895F6
:101FC00041155105B1F07B01EC010C811D81040F1D
:101FD000151FB8010E94E87E882351F328813981BA
:101FE0008C819D81B701820F931F0E946AB11D836E
:101FF0000C8381E0DECFFB0101900020E9F73197EF
:10200000AF01461B570B0C94CF8F0F931F93CF93A9
:10201000DF938C01EB01FC01808191810097E1F05D
:102020006881798161157105A9F0428153812C8104
:102030003D814217530770F00E946AB18C819D81E7
:10204000F801958384831D821C82DF91CF911F91BB
:102050000F9108950E94C2AF88819981F801918300
:1020600080838A819B81938382838C819D819583E8
:102070008483198218821B821A82E5CFCF93DF9363
:10208000EC0188819981009711F00E94C2AF1982FA
:1020900018821D821C821B821A82DF91CF910895C3
:1020A000CF93DF93EC01FB0101900020E9F731971A
:1020B000AF01461B570B0E94CF8F811103C0CE0189
:1020C0000E943E90CE01DF91CF910895CF93DF9390
:1020D000EC01FB0144815581608171810E94CF8FA9
:1020E000811103C0CE010E943E90CE01DF91CF91BD
:1020F0000895EF92FF920F931F93CF93DF93EC011C
:102100008B01CB010E945AA97C01BC01CE010E9427
:10211000E87E81110BC0CE010E943E90CE01DF917E
:10212000CF911F910F91FF90EF900895FD82EC8267
:10213000B801888199810E9453A9F0CFEF92FF9254
:102140000F931F93CF93DF93EC017B018A01BA01B8
:102150000E94E87E81110BC0CE010E943E90CE010C
:10216000DF91CF911F910F91FF90EF9008951D8304
:102170000C83B701888199810E946AB1F0CFFB017D
:1021800001900020E9F73197AF01461B570B0C94E3
:102190009E90CF93DF93EC016115710531F00E94A1
:1021A000BF90CE01DF91CF9108950E943E90F9CF6C
:1021B000CF93DF93EC01FB018617970749F060810D
:1021C00071816115710541F0448155810E949E9095
:1021D000CE01DF91CF9108950E943E90F9CFFC018E
:1021E00080819181009711F00C94C2AF0895EF9215
:1021F000FF920F931F93CF93DF93CDB7DEB7A197D5
:102200000FB6F894DEBF0FBECDBF7C01CB01BA0183
:10221000F70111821082138212821582148242E029
:10222000420F8E010F5F1F4F0E9454A8BC01C701CF
:102230000E94C990A1960FB6F894DEBF0FBECDBF25
:10224000DF91CF911F910F91FF90EF900895FC01C6
:102250001182108213821282158214826115710517
:1022600051F0FB0101900020E9F73197AF01461BC7
:10227000570B0C949E900895EF92FF920F931F932B
:10228000CF93DF931F921F92CDB7DEB78C017B01F6
:1022900063E473E00E942791C7010E945E7E97FD70
:1022A0000EC08A30910559F089831A8241E050E0CE
:1022B000BE016F5F7F4FC8010E94CF8FEDCFC80175
:1022C0000F900F90DF91CF911F910F91FF90EF90A2
:1022D00008952F923F924F925F926F927F928F92CA
:1022E0009F92AF92BF92CF92DF92EF92FF920F93A5
:1022F0001F93CF93DF9300D000D000D01F92CDB7B3
:10230000DEB75C018B013A01BA0190E080E00E94E7
:102310000CAC2DEC3CEC4CEC5FE30E946DAC20E08F
:1023200030E040E85FE30E94BEAD0E94A3AECB0167
:102330000E9426AF6C01892B09F4E1C07801600E80
:10234000711EC301029798878F83F3013197FA8733
:10235000E9878601912C812C412C6E147F0409F0B1
:1023600048C00C191D0990E080E00C0D1D1D813046
:10237000910509F4AFC0029709F4B7C0F8011082C3
:10238000B601CE0101960E942791C6010E94C2AFFC
:10239000F501118210821382128215821482BE010D
:1023A0006F5F7F4FC5010E940590CE0101960E948C
:1023B000EF90C5012A960FB6F894DEBF0FBECDBFD1
:1023C000DF91CF911F910F91FF90EF90DF90CF9011
:1023D000BF90AF909F908F907F906F905F904F9045
:1023E0003F902F9008950C5F1F4FF3E0EF0EF11C0C
:1023F000B4CFF7014080042C000C5508C20195951C
:102400008795959587958F730E94FC5AF801808374
:1024100064E0440C551C6A95E1F7F42DF0734F2EDF
:1024200089859A85E816F90639F40F5F1F4F0C1954
:102430001D0981E090E099CFF7012180022C000C6A
:102440003308C10134E0959587953A95E1F78F708F
:1024500084290E94FC5AF80181832101440C551CF7
:10246000440C551CF42DFC734F2E8F819885E81673
:10247000F90639F40E5F1F4F0C191D0982E090E038
:1024800074CFF7015280852D052C000C990B26E0A6
:10249000959587952A95E1F7837084290E94FC5AC7
:1024A000F8018283F52DFF734F2E8F2F0E94FC5A67
:1024B000F8018383FFEF8F1A9F0A82E18816910447
:1024C00009F091CF8AE0F80184830B5F1F4F912CB4
:1024D000812C8BCF842D0E94FC5AF80180838DE3E0
:1024E000818382830D5F1F4F49CF842D0E94FC5A48
:1024F000F80180838DE381830E5F1F4F3FCF67E03C
:1025000077E0C5010E94279154CFAF92BF92CF923E
:10251000DF92EF92FF920F931F93CF93DF93CDB78C
:10252000DEB7C957D1090FB6F894DEBF0FBECDBFD5
:102530007C018B016E012DE5C20ED11C84E1F601F8
:1025400011928A95E9F76EE077E0C8010E94FB8F4F
:1025500081E093E2A5E4B7E689839A83AB83BC83E9
:1025600089E89BEAADECBFEE8D839E83AF83B8878D
:102570008EEF9CEDAAEBB8E989879A87AB87BC8779
:1025800086E794E5A2E3B0E18D879E87AF87B88B9D
:1025900080EF91EEA2EDB3EC898B9A8BAB8BBC8B69
:1025A000198E1A8E1B8E1C8E1D8A1E8A1F8A188EEB
:1025B000F8012481358150E040E0608171818E0115
:1025C0000F5F1F4FC8010E94675ADE01AF58BF4F0F
:1025D00030E020E05D01E1E0F0E02430310510F072
:1025E000F0E0E0E03596EE0FFF1FEE0FFF1FE00F6B
:1025F000F11FC901809590958370992763E0880F3A
:10260000991F6A95E1F7408151816281738104C00D
:1026100076956795579547958A95D2F74D932F5F95
:102620003F4F28303105B9F680E8EA968FAFEA9738
:1026300021E030E040E050E0BE0167587F4FC80124
:102640000E94675A8D899E89AF89B88D887F917065
:10265000AA27BB27803C9140A105B10509F04AC0DB
:1026600028E030E040E050E0B501C8010E94675A20
:10267000F60190E080E0DC01AC7FA00FB11F9C016F
:10268000209530952370332743E0220F331F4A955E
:10269000E1F74D915D916D917C9104C076956795C0
:1026A000579547952A95D2F7419301968431910524
:1026B00011F78CE5F80111928A95E9F744E150E0B1
:1026C000B601C7010E946991C7010E94C28EC7016D
:1026D000C758DF4F0FB6F894DEBF0FBECDBFDF91F6
:1026E000CF911F910F91FF90EF90DF90CF90BF900F
:1026F000AF900895EA961FAEEA979ACFAF92BF9235
:10270000CF92DF92EF92FF920F931F93CF93DF93BD
:102710005C016B017A0189012417350720F48F2DA4
:102720007901042F182F63E473E0C5010E942791FB
:10273000D6011496CD91DC91EC16FD06C8F40C1769
:102740001D0708F4E801D601ED91FC911197EC0FFB
:10275000FD1F108110826D917C916E0D7F1DC50152
:102760000E94C990F60180819181C80FD91F1883FA
:10277000C501DF91CF911F910F91FF90EF90DF90F6
:10278000CF90BF90AF900895FB0101900020E9F732
:102790003197AF01461B570BDC01ED91FC91028094
:1027A000F381E02D1994009729F0BC0183E19EE0AC
:1027B0000C94C49390E080E008958F929F92AF9222
:1027C000BF92EF92FF920F931F93CF93DF93CDB7FA
:1027D000DEB7A1970FB6F894DEBF0FBECDBF7C0168
:1027E000FA01CB0119A2223008F42AE08E010F5D14
:1027F0001F4F822E912CB12CA12CBF01A501940159
:102800000E948CADF901CA016A300CF5605DD801F7
:102810006E938D01232B242B252B79F790E080E0FC
:10282000109721F0BD01C7010E94C493A1960FB675
:10283000F894DEBF0FBECDBFDF91CF911F910F91F6
:10284000FF90EF90BF90AF909F908F900895695C3C
:10285000DECF65EA75E00C94C493CF93DF930E94BA
:10286000107FEC0183E19EE00E9429948C0F9D1F54
:10287000DF91CF910895CF93DF93FC01448155817F
:102880006081718183E19EE00E94317EEC0183E1F1
:102890009EE00E9429948C0F9D1FDF91CF91089597
:1028A0000F931F93CF93DF938C01D0E0C0E06115AD
:1028B000710519F00E94C493EC01C8010E9429948B
:1028C0008C0F9D1FDF91CF911F910F910895DC0117
:1028D000ED91FC910190F081E02D1994CF92DF925F
:1028E000EF92FF92CF93DF93AB01BC0177FF1DC046
:1028F0006A017C016DE283E19EE00E946794EC0135
:1029000044275527BA014C195D096E097F092AE051
:1029100083E19EE00E94DD938C0F9D1FDF91CF919C
:10292000FF90EF90DF90CF9008952AE083E19EE042
:10293000DF91CF91FF90EF90DF90CF900C94DD93DB
:10294000CF93DF93BC01990F880B990B0E946E9473
:10295000EC0183E19EE00E9429948C0F9D1FDF9182
:10296000CF9108954F925F926F927F928F929F9234
:10297000AF92BF92CF92DF92EF92FF926B017C01F8
:10298000AC019B010E94D7AE63E377E081111AC0CE
:1029900046015701E894B7F82FEF3FEF4FE75FE7A5
:1029A000C501B4010E94D7AE811124C02FEF3FEFC3
:1029B0004FE75FE7C501B4010E9407AC1816D4F4D5
:1029C00067E377E083E19EE00E94C4937C0183E1AA
:1029D0009EE00E9429948E0D9F1DFF90EF90DF9046
:1029E000CF90BF90AF909F908F907F906F905F90AF
:1029F0004F9008952FEF3FEF4FE75FE4C701B60117
:102A00000E94D2AE18161CF46BE377E0DBCF2FEFF9
:102A10003FEF4FE75FECC701B6010E9407AC87FDAF
:102A2000F3CF20E030E0A901C701B6010E9407AC56
:102A3000B12CA12C87FF0AC06DE283E19EE00E94C9
:102A400067945C01F7FAF094F7F8F0942AE037ED18
:102A500043EA5BE3C701B6010E94BEAD2B013C0116
:102A60000E94A3AE6B017C010E940CAC9B01AC01E7
:102A7000C301B2010E94BDAD2B013C012AE0B701A8
:102A8000A60183E19EE00E94DD937C01EA0CFB1C21
:102A90006EE283E19EE00E946794E80EF91E20E05A
:102AA00030E040E251E4C301B2010E946DAC2B0161
:102AB0003C010E94A3AE4B01B12CA12C2AE0B50130
:102AC000A40183E19EE00E94DD93E80EF91EC5019A
:102AD000B4010E940CAC9B01AC01C301B2010E9485
:102AE000BDAD20E030E040E251E40E946DAC0E94B8
:102AF000A3AEAB0170E060E02AE083E19EE00E94BB
:102B0000DD93E80EF91E63CF2F923F924F925F92B2
:102B10006F927F928F929F92AF92BF92CF92DF92ED
:102B2000EF92FF920F931F93CF93DF93CDB7DEB752
:102B3000C656D1090FB6F894DEBF0FBECDBF6C01EB
:102B40005B0119A218A28AEF92E09F8F8E8F1BA2C1
:102B50001C821B829A8389831E824E018EE1880E1D
:102B6000911CC4010E94738475018E010F5F1F4F79
:102B7000240118016FE270E0C7010E9456B100976E
:102B800009F45CC0F70120812F3271F4FFEFEF1AD6
:102B9000FF0A902F812F8201492E582E942D852DCA
:102BA0002801092F182FE6CF8E198D3008F08CE000
:102BB000682E712CA301B701CE01885A9F4F0E9445
:102BC0007FB1E8E5F0E0EC0FFD1FE60DF71D108288
:102BD000C8010E948B50F8018581882301F11EAE47
:102BE0001DAE8AEF92E09CAF8BAF21961FAE21976E
:102BF000A796EEADFFADA797AE0EBF1EF501808183
:102C0000811129C0BE01655C7F4FC1010E948745CB
:102C100043E853E0B101C6010E94D7453AC0AE0176
:102C2000485A5F4FB201C8010E9492838823B9F2CB
:102C3000E60CF71CC2010E948B50B0CFC7018A1965
:102C40009B09A7969FAF8EAFA797B201CE01CB96F7
:102C50000E948745CDCF19A218A28AEF92E09F8FDC
:102C60008E8F1BA221968FAD219781112DC0F60169
:102C70001382128288EE93E0A0E0B0E08483958313
:102C8000A683B7838AEB92E091838083128E118EA4
:102C90001486C601CA59DF4F0FB6F894DEBF0FBEC7
:102CA000CDBFDF91CF911F910F91FF90EF90DF90FB
:102CB000CF90BF90AF909F908F907F906F905F90DC
:102CC0004F903F902F900895A501BE01655C7F4F06
:102CD000C4010E949283882351F2CE01CB960E94B8
:102CE0008B50B401C1010E948745A50193CF0F937A
:102CF0001F93CF93DF93CDB7DEB7AE970FB6F8949F
:102D0000DEBF0FBECDBF6BA77CA78DA79EA78E0190
:102D10000F5F1F4FC8010E946C5C89E090E098A78C
:102D20008FA319A308A38BEB93E09BA38AA3BE01F7
:102D3000695D7F4FCE0180960E94C86318A61FA2CE
:102D400019A308A38FEB93E09BA38AA3BE01695D3F
:102D50007F4FCE0180960E94C86318A61FA219A3B8
:102D600008A383EC93E09BA38AA3BE01695D7F4F18
:102D7000CE0180960E94C86319A308A387EC93E054
:102D80009BA38AA3BE01655D7F4FCE0180960E9402
:102D90005F6419A308A38FE397E09BA38AA3CE01E6
:102DA00080960E94BC646FA378A789A79AA740E881
:102DB00056E0BE01695D7F4FCE0180960E941C5C8B
:102DC0006AE17FE0CE0180960E942B6445E856E0E0
:102DD000BE01695D7F4FCE0180960E941C5C62E25D
:102DE0007FE0CE0180960E942B6448E856E0BE0149
:102DF000695D7F4FCE0180960E941C5C66E27FE099
:102E0000CE0180960E942B644BE856E0BE01695DBE
:102E10007F4FCE0180960E941C5C6AE27FE0CE016B
:102E200080960E942B648091320F4EE856E0BE01DE
:102E3000695D7F4F882309F441C0CE0180960E94CE
:102E40001C5C6BE476E0CE0180960E94FC6547E94D
:102E500056E0BE01695D7F4FCE0180960E941C5CEA
:102E600063E37FE0CE0180960E94F96343EA56E077
:102E7000BE01695D7F4FCE0180960E941C5C65E3B8
:102E80007FE0CE0180960E942B64BE01655E7F4F7D
:102E9000C80128E532E047EA58E00E942D5CC801ED
:102EA0000E940F6581E0AE960FB6F894DEBF0FBEAC
:102EB000CDBFDF91CF911F910F910895CE018096E4
:102EC0000E941C5C65E476E0BECF0F931F93CF9306
:102ED000DF93CDB7DEB7E3970FB6F894DEBF0FBE32
:102EE000CDBF68AB79AB8AAB9BAB1FA68E010F5FE2
:102EF0001F4FC8010E946C5C82E090E098A78FA3EE
:102F000019A308A38BEB93E09BA38AA3BE01695D81
:102F10007F4FCE0180960E94C86319A308A38FEB50
:102F200093E09BA38AA369E370E1CE0180960E949F
:102F3000DF6419A308A383EC93E09BA38AA3BE01DB
:102F4000615D7F4FCE0180960E94DF6419A308A3C4
:102F500087EC93E09BA38AA3BE01605D7F4FCE0107
:102F600080960E945F6419A308A38AEA96E09BA357
:102F70008AA3CE0180960E94BC646BA77CA78DA714
:102F80009EA740E856E0BE01655D7F4FCE0180966A
:102F90000E941C5C62E870E1CE0180960E942B6466
:102FA00045E856E0BE01655D7F4FCE0180960E94E8
:102FB0001C5C6AE870E1CE0180960E942B6448E8B0
:102FC00056E0BE01655D7F4FCE0180960E941C5C7D
:102FD0006EE870E1CE0180960E942B644BE856E0CB
:102FE000BE01655D7F4FCE0180960E941C5C62E948
:102FF00070E1CE0180960E942B6480919A104EE879
:1030000056E0BE01655D7F4F882309F4BCC0CE0148
:1030100080960E941C5C61E373E0CE0180960E9462
:10302000FD6247E956E0BE01655D7F4FCE018096A7
:103030000E941C5C6BE970E1CE0180960E94F963EE
:1030400043EA56E0BE01655D7F4FCE0180960E9447
:103050001C5C6DE970E1CE0180960E942B6419A37F
:1030600008A38CE796E09BA38AA3CE0180960E94DA
:10307000BC646FA378A789A79AA740E856E0BE0171
:10308000695D7F4FCE0180960E941C5C63EE70E10B
:10309000CE0180960E942B6445E856E0BE01695D32
:1030A0007F4FCE0180960E941C5C6BEE70E1CE01DA
:1030B00080960E942B6448E856E0BE01695D7F4F10
:1030C000CE0180960E941C5C6FEE70E1CE0180966E
:1030D0000E942B644BE856E0BE01695D7F4FCE0134
:1030E00080960E941C5C63EF70E1CE0180960E9486
:1030F0002B648091FB104EE856E0BE01695D7F4F66
:10310000882309F447C0CE0180960E941C5C61E3CD
:1031100073E0CE0180960E94FD6247E956E0BE0151
:10312000695D7F4FCE0180960E941C5C6CEF70E160
:10313000CE0180960E94F96343EA56E0BE01695DC4
:103140007F4FCE0180960E941C5C6EEF70E1CE0135
:1031500080960E942B64BE01655E7F4FC80128E502
:1031600032E047EA58E00E942D5CC8010E940F65DA
:10317000E3960FB6F894DEBF0FBECDBFDF91CF91BF
:103180001F910F910895CE0180960E941C5C66E30A
:1031900073E043CFCE0180960E941C5C66E373E02F
:1031A000B8CF2F923F924F925F926F927F928F9201
:1031B0009F92AF92BF92CF92DF92EF92FF920F93C6
:1031C0001F93CF93DF93CDB7DEB7ED970FB6F8948B
:1031D000DEBF0FBECDBF3C014A015B011DAECE017B
:1031E00001967C010E946C5C83E090E09DA78CA717
:1031F000F9A2E8A28BEB93E09BA38AA3BE01645DD6
:103200007F4FCE0180960E94C863F9A2E8A28FEB9F
:1032100093E09BA38AA369E370E1CE0180960E94AC
:10322000DF64F9A2E8A283EC93E09BA38AA3BE012A
:10323000635C7F4FCE0180960E94DF6440917610E0
:1032400050917710609178107091791022E0CE0142
:1032500080960E94F790FDA6ECA680EF93E09FA7D2
:103260008EA7BE01605E7F4FCE018C960E942267C2
:10327000CE0180960E94EF9040917A1050917B1081
:1032800060917C1070917D1022E0CE0180960E94AA
:10329000F790FDA6ECA68AEE93E09FA78EA7BE014D
:1032A000605E7F4FCE018C960E942267CE01809691
:1032B0000E94EF90F9A2E8A280E496E09BA38AA383
:1032C000CE0180960E9416668C01009761F0B701CE
:1032D0000E946F63F8018481807888608483808293
:1032E0009182A282B382F9A2E8A28BE396E09BA32B
:1032F0008AA3CE0180960E9416665C01009759F061
:10330000B7010E946F63F5018481807880648483B3
:103310008FEF8083818319A218A21BA21AA21DA27B
:103320001CA21FA21EA219A618A61BA61AA680914F
:103330003910882309F45AC0FDA6ECA68AEA96E063
:103340009FA78EA7CE018C960E94BC6469AF7AAF0E
:103350008BAF9CAF4091821050918310609184108C
:103360007091851022E0CE01C3960E94F79040E84C
:1033700056E0BE01675C7F4FCE018C960E941C5CBC
:10338000BE016D5C7F4FCE018C960E940867CE0116
:10339000C3960E94EF902090961030909710409026
:1033A000981050909910A2019101C201B1010E94A0
:1033B000D7AE811158C120E0B201A101CE01C39660
:1033C0000E94F79047E457E0BE01675C7F4FCE0153
:1033D0008C960E941C5CBE016D5C7F4FCE018C966A
:1033E0000E940867CE01C3960E94EF90FDA6ECA64E
:1033F0008CE796E09FA78EA7CE018C960E94BC64B6
:1034000069AF7AAF8BAF9CAF4091E3105091E4105D
:103410006091E5107091E61022E0CE01C3960E9403
:10342000F79040E856E0BE01675C7F4FCE018C9676
:103430000E941C5CBE016D5C7F4FCE018C960E9489
:103440000867CE01C3960E94EF902090F71030904D
:10345000F8104090F9105090FA10A2019101C201A9
:10346000B1010E94D7AE811105C120E0B201A101D6
:10347000CE01C3960E94F79047E457E0BE01675C17
:103480007F4FCE018C960E941C5CBE016D5C7F4F0D
:10349000CE018C960E940867CE01C3960E94EF90E1
:1034A00089E3C82E80E1D82E8E01005E1F4FA11443
:1034B000B10409F0E6C090E080E0F80191838083D8
:1034C000F382E28243E557E0B801CE018C960E9478
:1034D0001C5CCE018C960E94B162DC01CB014B01D9
:1034E000672B91F0F6015580BD010E946F63F401D6
:1034F0008481807888608483852D90E0B0E0A0E0AE
:1035000080839183A283B383F601458556856785C1
:10351000708922E0CE01C3960E94F79040EF53E0FD
:10352000B801CE018C960E941C5CBE016D5C7F4F81
:10353000CE018C960E940867CE01C3960E94EF9040
:10354000F601418952896389748922E0CE01C396CC
:103550000E94F7904AEE53E0B801CE018C960E948B
:103560001C5CBE016D5C7F4FCE018C960E9408678B
:10357000CE01C3960E94EF90F60141855285638586
:10358000748522E0CE01C3960E94F7904AE557E089
:10359000B801CE018C960E941C5CBE016D5C7F4F11
:1035A000CE018C960E940867CE01C3960E94EF90D0
:1035B00040E657E0B801CE018C960E941C5CB60133
:1035C0006A5F7F4FCE018C960E94926447E657E077
:1035D000B801CE018C960E941C5CB601695F7F4FDA
:1035E000CE018C960E9492644EE657E0B801CE015F
:1035F0008C960E941C5CB601685F7F4FCE018C9652
:103600000E949264F4E1CF0ED11C0C5F1F4F85E73E
:10361000C81680E1D80609F04ACFBE01655E7F4F2B
:10362000C70128E532E0A3010E942D5CC7010E947A
:103630000F6581E0ED960FB6F894DEBF0FBECDBFEB
:10364000DF91CF911F910F91FF90EF90DF90CF907E
:10365000BF90AF909F908F907F906F905F904F90B2
:103660003F902F9008956FE477E0CE01C3960E94BB
:103670002791A8CE6FE477E0CE01C3960E942791F0
:10368000FBCEB701C5010E94A2611B01672B09F4A3
:1036900012CFB701C1010E946F63C1010E94706225
:1036A0000CCF86E093E090938B1280938A1264E9AA
:1036B00072E18AE892E10E943D2F882321F088EE92
:1036C00093E00E94528385EB92E10E94EF908FEA93
:1036D00092E10E94EF9089EA92E10E94EF9083EAE2
:1036E00092E10E94EF9089E992E10E94EF908CE8CC
:1036F00092E10C94EF90CF93DF93CDB7DEB7A49710
:103700000FB6F894DEBF0FBECDBF789484B582604B
:1037100084BD84B5816084BD85B5826085BD85B575
:10372000816085BD80916E00816080936E001092F3
:10373000810080918100826080938100809181006E
:1037400081608093810080918000816080938000FF
:103750008091B10084608093B1008091B00081605D
:103760008093B0008091910082608093910080915D
:10377000910081608093910080919000816080939E
:1037800090008091A10082608093A1008091A100AF
:1037900081608093A1008091A00081608093A0004F
:1037A00080912101826080932101809121018160BB
:1037B000809321018091200181608093200180917C
:1037C0007A00846080937A0080917A00826080938E
:1037D0007A0080917A00816080937A0080917A00EB
:1037E000806880937A001092C1000E94CD6D34E60B
:1037F000232E312C0E94E6854091DD075091DE0793
:103800006091DF077091E00789ED97E00E94E24345
:10381000882309F4B2C08091D707882339F0109229
:10382000D70781E08093D607109256118091D60772
:10383000882309F4E6C264E474E083E19EE00E9418
:10384000509485E594E00E94D3938091CE079091A7
:10385000CF070E94A0948091CE079091CF07069742
:1038600008F07FC065E674E083E19EE00E9450941A
:1038700082E794E00E94D3936091D2077091D307BE
:103880008091D4079091D5070E94B2948FE794E07D
:103890000E94D3938091CA079091CB070E94A09475
:1038A0008091CE078F5F8093861182E994E00E9419
:1038B000D3934091861150E070E060E02AE083E10C
:1038C0009EE00E94DD9383E19EE00E942994809116
:1038D000D0079091D1078336910509F03EC18091C0
:1038E000C8079091C907892B09F030C11092D807F9
:1038F00067EA74E083E19EE00E94509480E1809347
:10390000871182E090E0909389118093881101E003
:1039100010E010938B1100938A118FE190E0909347
:10392000671180936611809156118111FCC020911E
:10393000861130E1409188115091891160918A116E
:1039400070918B1180918C1190918D110E944E80FD
:1039500081E08093561165EB74E083E19EE00E9464
:1039600050948091D807882341F08091CE079091A0
:10397000CF079093CD078093CC0764E972E18AE882
:1039800092E10E943D2F811104C68FE090E00E94D9
:1039900026AFFC011382128268EE73E080E090E0B3
:1039A000648375838683978386E592E09183808321
:1039B00088E0848788EE93E096878587F093981255
:1039C000E0939712309709F4BFC34091921250913F
:1039D000931260918C1270918D12CF010E94E55666
:1039E000892B09F4ABC381E090E090939612809309
:1039F0009512E0919712F09198128CED95E0A0E06D
:103A0000B0E084839583A683B783DE0111967D01A0
:103A100080E1FD0111928A95E9F76D018E010F5E3B
:103A20001F4F0E94BEA82FEF30E040E050E00E9400
:103A30005AADD6016D936D010A171B0791F740E14E
:103A400050E0B701C8010E946991B80183EA92E190
:103A50000E940590C8010E94EF906DEE74E0C801CD
:103A60000E94279169E972E1C8010E94669062EFA5
:103A700074E00E9450906CE872E10E94669064E0ED
:103A800075E00E94509063EA72E10E94669065EAD8
:103A900075E00E945090188E1F8A1A8E198E1C8E07
:103AA0001B8EBC01CE0147960E94D890C8010E948F
:103AB000EF908091B9129091BA12892BD1F068EAF7
:103AC00075E0C8010E94279165EB72E1C8010E9470
:103AD000669065EA75E00E945090FC014481558132
:103AE00060817181CE0147960E94CF8FC8010E94EC
:103AF000EF9065EA75E0CE0147960E94FB8F8091BA
:103B00009712909198124B8D5C8D6F89788DDC01A6
:103B1000ED91FC910280F381E02D1995CE0147963D
:103B20000E94EF9011C30E94BB8180912F128111DE
:103B300018CF1092561160EC74E083E19EE00E9471
:103B400050941093C9070093C8070BCF1092D60763
:103B50001092C9071092C80704CF0091CA071091AC
:103B6000CB07C090D207D090D307E090D407F09055
:103B7000D5078AE196E00E942D940130110509F4E1
:103B8000C8C06CF40115110509F465C01093CB078A
:103B90000093CA070430110509F453C0E2CE023085
:103BA000110509F4F8C00330110581F780E1809315
:103BB000871185EC94E1909389118093881186E0B8
:103BC00090E090938B1180938A11809156118823F5
:103BD00009F4BBC00E94BB8180912F12811103C1E7
:103BE0001092561106E611E1C12CD12C760189EC18
:103BF00094E00E94D393C701B6010E946E9483E6BD
:103C000094E00E94D393D8014D915D918D0170E0B5
:103C100060E02AE083E19EE00E94DD9383E19EE084
:103C20000E942994BFEFCB1ADB0AEB0AFB0AE6E0FD
:103C3000CE16D104E104F104D1F68FEE95E00E9496
:103C40002D941092CB071092CA071092D60781E0EC
:103C50008093D80786CE80E1809387118FEB90E127
:103C6000909389118093881184E090E090938B1158
:103C700080938A11E0918C11F0918D1180E390E096
:103C800091838083E0918C11F0918D1113821282C7
:103C9000E0918C11F0918D118EEC99E795838483DE
:103CA000E0918C11F0918D1184EF90E097838683E1
:103CB0008091561181111AC020918611309187117F
:103CC000409188115091891160918A1170918B11E6
:103CD00080918C1190918D110E944E8081E0809393
:103CE00056111092CB071092CA073BCE0E94BB819F
:103CF00080912F128111F5CF109256118BE096E032
:103D00000E942D9481E090E09093CB078093CA07A6
:103D100028CE80E1809387118BED94E190938911F7
:103D20008093881122E0E22EF12CF0928B11E09228
:103D30008A11109367110093661110926911109205
:103D4000681180915611811115C02091861130E1C2
:103D5000409188115091891160918A1170918B1155
:103D600080918C1190918D110E944E8081E0809302
:103D7000561139C00E94BB8180912F12811133C02E
:103D8000109256118DEF95E00E942D94F092CB0782
:103D9000E092CA07E6CD80E18093871189EC94E137
:103DA000909389118093881110938B1100938A113D
:103DB000C0924211D0924311E0924411F092451109
:103DC000D0926711C0926611F0926911E092681169
:103DD00080915611882309F4B8CF0E94BB8180914D
:103DE0002F12882329F01093CB070093CA07B9CD6F
:103DF000109256118BED95E00E942D9483E090E097
:103E000083CF8091CC079091CD07863091050CF03F
:103E1000B4CD8F5F8093861183E396E00E94107F7C
:103E20008091CC079091CD0701960E94A09490912B
:103E3000020280915611992309F4BBC093E090933C
:103E4000871129E238E030938911209388112AE004
:103E500030E030938B1120938A11811116C020918C
:103E6000861130918711409188115091891160918C
:103E70008A1170918B1180918C1190918D110E94FB
:103E80004E8081E08093561178CD0E94BB81809155
:103E90002F12811172CD80916A1190916B119093C4
:103EA00043118093421180916C1190916D11909308
:103EB0004511809344118091421190914311A0913A
:103EC0004411B091451180935E1190935F11A093BE
:103ED0006011B093611110925611E6E6F1E186E8A7
:103EE00091E1119211928E179F07D9F78FE296E018
:103EF0000E94107F60915E1170915F11809160113E
:103F0000909161110E94B294C0905E11D0905F11A7
:103F1000E0906011F090611120E030E0A901C7014C
:103F2000B6010E94D2AE18164CF58091CC07909144
:103F3000CD0783309105BCF424E1289FF001299F2F
:103F4000F00D1124E75CFF4EC18AD28AE38AF48A1D
:103F50000597A1F4C0922A08D0922B08E0922C0871
:103F6000F0922D080BC083309105B9F4C0927A10FD
:103F7000D0927B10E0927C10F0927D1060E070E0B7
:103F800086EC92EC60935E1170935F1180936011E8
:103F90009093611110920202F0CC84309105C1F629
:103FA000C0922208D0922308E0922408F0922508BB
:103FB000E5CF93E09093871129E639E0309389119A
:103FC000209388112AE030E030938B1120938A11DE
:103FD000882309F444CF0E94BB8180912F12811164
:103FE000CCCC80916A1190916B1190934311809386
:103FF000421180916C1190916D11909345118093B5
:1040000044118091421190914311A0914411B091BB
:1040100045118093621190936311A0936411B09342
:10402000651110925611E6E6F1E186E891E11192F0
:1040300011928E179F07D9F789E296E00E94107FB0
:10404000609162117091631180916411909165117A
:104050000E94B294C0906211D0906311E0906411FC
:10406000F090651120E030E0A901C701B6010E947F
:10407000D2AE18164CF58091CC079091CD078330C5
:104080009105BCF424E1289FF001299FF00D112433
:10409000E75CFF4EC586D686E786F08A0597A1F4D1
:1040A000C0922E08D0922F08E0923008F09231088A
:1040B0000BC08330910581F5C0927610D0927710B5
:1040C000E0927810F09279108091D807882341F01F
:1040D0001092D80770E060E081ED94E00E94C07F0C
:1040E00080E090E0A6ECB2EC8093621190936311B3
:1040F000A0936411B09365118091CC079091CD0786
:10410000019686309105A9F09093CD078093CC0756
:1041100081E08093020231CC8430910509F0BECF5A
:10412000C0922608D0922708E0922808F092290829
:10413000CBCF1092CD071092CC07EACF6AE070E0A7
:1041400080E090E00E94E83E40915B0850915C085E
:1041500060915D0870915E0887E598E00E94E243F7
:10416000882309F449C18091FB10882309F48DC488
:104170000091FC101091FD10C801019760E0843699
:104180009105A8F420E137E2D8010E941FAF24E690
:1041900030E040E050E00E948CAD21153105410532
:1041A000510509F0ADC41092F1076091F10786E264
:1041B0000E94B23D82E1E82E88E0F82EE0E1F8E0CE
:1041C000FCA3EBA307E71FE092EFC92E97E0D92EDF
:1041D000D701D5964D905D906D907C90D897EBA1CE
:1041E000FCA18191FCA3EBA30E94740520ED37E0B4
:1041F000DC010E941FAF2FEF33E040E050E00E944F
:104200005AAD032E000C440B550B20593140410987
:104210005109A0EABFE00E9479AD20E436E040E019
:1042200050E00E945AADB901330F880B990B0E94E0
:104230000EAC20E030E04AE754E40E942AAE20E0D1
:1042400030E040E251E40E946DAC4B015C0120E0A3
:1042500030E044EB52E4C301B2010E946DAC9B011B
:10426000AC01C501B4010E94BEAD20E030E048ECD5
:1042700052E40E942AAED701D5966D937D938D931B
:104280009C93D897F801848D882309F472C4458DD6
:10429000568DD6012C91CA01019770E060E08436FA
:1042A000910548F4BFEFB49FC001B59F900D112454
:1042B000B1010E94FCAE822F0E94113EB4E0EB0ED1
:1042C000F11C0F591F4FEFEFCE1ADE0A2AE138E03A
:1042D0002E153F0509F07CCF80904F089090500834
:1042E000A0905108B09052088FE30E94740520ED11
:1042F00037E0DC010E941FAF2FEF33E040E050E0D9
:104300000E945AAD032E000C440B550B205931402E
:1043100041095109A8E8B3E10E9479AD20E436E0F3
:1043200040E050E00E945AADB901330F880B990B61
:104330000E940EAC20E030E048EC52E40E942AAE2D
:1043400020E030E040E251E40E946DAC6B017C0162
:1043500020E030E044EB52E4C501B4010E946DACB2
:104360009B01AC01C701B6010E94BEAD20E030E068
:1043700048EC52E40E942AAE60934F0870935008B4
:1043800080935108909352088091320F882309F44A
:1043900030C42091330F3091340FC901019770E080
:1043A00060E08436910548F44FEF429FC001439F7F
:1043B000900D1124B1010E94FCAE86E00E94113ED6
:1043C000A091330FB091340F24E630E00E941FAF6C
:1043D0002FEF30E040E050E00E945AADB901330FBA
:1043E000880B990B0E940EAC60932E0F70932F0FC9
:1043F0008093300F9093310F4091F8075091F90757
:104400006091FA077091FB0784EF97E00E94E24306
:10441000882309F472C009E310E1D80111968C9148
:104420000E94740520ED37E0DC010E941FAF2FEFE2
:1044300033E040E050E00E945AAD20593140B901CC
:10444000330F880B990B0E940EAC20E030E040E265
:104450005FE30E946DAC20E030E048EC52E40E9443
:104460002AAE20E030E040E251E40E946DAC6B01E6
:104470007C0120E030E044EB52E4F8016185728574
:10448000838594850E946DAC9B01AC01C701B60188
:104490000E94BEAD20E030E048EC52E40E942AAE1B
:1044A000D80119966D937D938D939C931C971296CA
:1044B0008C910E944B0521E0892B09F420E0F80142
:1044C000268383810E944B0521E0892B09F020E09F
:1044D000D80117962C93179714968C910E944B0530
:1044E00021E0892B09F020E0F80120870C5E1F4FA6
:1044F000F0E105371F0709F090CF40910008509177
:10450000010860910208709103088CEF97E00E9407
:10451000E243882351F082E10E944B05682F89E233
:104520000E94B23D82E10E944B0540910C085091DF
:104530000D0860910E0870910F0888E098E00E94C5
:10454000E24381110E94E17380916E0B90E0209113
:1045500006083091070882179307C1F09093070867
:10456000809306080E94A0940E948B6D8091710B2D
:1045700090E020910408309105088217930731F0EC
:1045800090930508809304080E94FB6B0E94BB0473
:1045900031C98091971290919812DC01ED91FC91B4
:1045A0000084F185E02D1995181619060CF0CCCD74
:1045B00080919512909196128130910531F0029779
:1045C00009F4C0C18AEE93E01CC260919712709109
:1045D0009812CE014D960E943C91CE014D960E94BC
:1045E000C28E89A19AA1892B09F43CC163EC75E0C4
:1045F000CE0101960E9427914D815E8189A19AA1E9
:104600008417950770F08D8D9E8D009751F069810C
:104610007A816115710529F00E9471B111E0892B31
:1046200009F010E0CE0101960E94EF90112359F19C
:1046300089A19AA10A9768F00D8D1E8D60E270E045
:10464000C80109960E9456B19C01201B310B892B91
:1046500011F42FEF3FEF49E050E0BE01635E7F4F62
:10466000CE0101960E947E93CE0101960E94B78EE4
:104670007093A01260939F12CE0101960E94EF905A
:10468000CE014D964DCA6AE3CE014D960E94518FE0
:104690000097B1F39C0150E040E0BE01635E7F4FA4
:1046A000CE0147960E947E936AE3CE014D960E940A
:1046B000518F29A13AA1AC014E5F5F4FBE01635EED
:1046C0007F4FCE0141960E947E936BEC75E0CE0148
:1046D00001960E942791BE016F5F7F4FCE014796E2
:1046E0000E946A8F182FCE0101960E94EF9066ED0E
:1046F00075E0CE0101961123D1F00E942791BE01F1
:104700006F5F7F4FCE0141960E946A8F182FCE01B6
:1047100001960E94EF90112319F081E08093A1127D
:10472000CE0141960E94EF90CE014796A7CF0E94FE
:104730002791BE016F5F7F4FCE0147960E946A8F1F
:10474000182FCE0101960E94EF901123C1F06EED5B
:1047500075E0CE0101960E942791BE016F5F7F4FE9
:10476000CE0141960E946A8F182FCE0101960E94B9
:10477000EF901123A9F281E08093A212D1CF68EECD
:1047800075E0CE0101960E942791BE016F5F7F4FB9
:10479000CE0147960E946A8F182FCE0101960E9483
:1047A000EF90112361F0BE016F5E7F4F89EA92E1C5
:1047B0000E94D89089EA92E10E94C28EB1CF6DEF3B
:1047C00075E0CE0101960E942791BE016F5F7F4F79
:1047D000CE0147960E946A8F182FCE0101960E9443
:1047E000EF90BE016F5E7F4F8FEA92E1111119C009
:1047F00064E176E0CE0101960E942791BE016F5FD1
:104800007F4FCE0147960E946A8F182FCE010196E6
:104810000E94EF90112341F0BE016F5E7F4F85EB48
:1048200092E10E94D8907CCF6DE276E0CE010196B5
:104830000E942791BE016F5F7F4FCE0147960E9475
:104840006A8F182FCE0101960E94EF90112309F470
:1048500067CFCE0141960E94B78E7093BC126093D1
:10486000BB125ECF8091A112882389F08091A212A1
:10487000882369F080919F129091A012853691054E
:10488000A9F064E972E18AE892E10E94BC3663E42F
:1048900076E080919712909198120E94C49364E9F7
:1048A00072E18AE892E10E94BC36EACE8091AD12B4
:1048B0009091AE12892B59F31A8219821C821B82A5
:1048C0001E821D8263EA72E1CE0101960E94D89099
:1048D000BE016F5F7F4FCE0141960E948592CE014F
:1048E00001960E94EF902D893E898091AD129091A2
:1048F000AE122817390749F469EA72E1CE014196F0
:104900000E94A28F11E0892B09F010E0CE014196A0
:104910000E94EF90112309F4BACF82E090E09093C7
:1049200096128093951220919D1230919E12409183
:10493000991250919A1262E070E08AE892E10E9426
:10494000952F9ECEFE0131967F0188E0DF011D92FA
:104950008A95E9F762E070E0CF010E94148B88230A
:1049600009F430CED980CA808C2D8F77082F10E0C3
:104970008E37B9F562E070E0C7010E94148B09819F
:104980001A81882309F41ECE102701271027013031
:10499000B4E01B07A0F5C7FE09C064E070E0CE01DB
:1049A00041960E94148B882309F40CCEED2DEF70F4
:1049B000DE2E0115110509F464C1C80101960E949B
:1049C00026AF7C0183EF93E0E114F104D1F0B8014C
:1049D000C7010E94148B811123C0C7010E94C2AF7E
:1049E000F1CD0F371105B9F668E070E0C7010E94FC
:1049F000148B882309F4E6CD8981882329F081EF7F
:104A000093E00E945283A0CB8A818111F8CF8B81E1
:104A10008111F5CF8C818111F2CF0F811885B4CF30
:104A2000F701E00FF11F1082C7FE1AC0F70190E0F6
:104A300080E031915F0121E0A21AB108AC0143701E
:104A4000552761E170E06C0F7D1F460F571FDA019B
:104A50002C912327D5012C9301968017910749F7B4
:104A600092E09D1508F43BC1A1E0DA1608F014C1EC
:104A70008BEE93E040C1F12CE12C20E0A801B701BE
:104A80008AE090E00E942B7F10C12091E3103091CA
:104A9000E4104091E5105091E61060917A10709109
:104AA0007B1080917C1090917D100E9407AC1816AD
:104AB00014F11092DF101092E0101092E110109299
:104AC000E2106091DF107091E0108091E110909100
:104AD000E2100E949CAE8B01072E000C880B990BF4
:104AE0000E940EAC6093F7107093F8108093F91049
:104AF0009093FA1047CB82E091E10E94263FE1CFEC
:104B000080E197E2A0E0B0E0821B930BA40BB50B11
:104B100021F481E08093F10748CB6091F10766238F
:104B2000A1F0BA01A90189EE97E00E94E24388232F
:104B300009F43BCB0E941A3F6093E1077093E207B0
:104B40008093E3079093E4072ECBAC01BD0181EE87
:104B500097E00E94E243882309F427CB0E941A3F82
:104B60006093E9077093EA078093EB079093EC0753
:104B7000D0CFC80183960E94263FF80180809180A3
:104B8000A280B380C501B4010E949CAE9B01AC0120
:104B90002253310941095109A4E6B0E00E9479ADE0
:104BA0002DEC30E040E050E00E945AADB901330FE7
:104BB000880B990B0E940EAC2B013C0120E030E0E9
:104BC000A9010E9407AC87FD0EC0D80158964D92EE
:104BD0005D926D927C925B97C501B4010E949CAE80
:104BE000D6018C9169CBF801108E118E128E138E26
:104BF000F3CF89E39FE00E94263FC090160FD0902C
:104C0000170FE090180FF090190FC701B6010E941E
:104C10009CAE9B01AC012253310941095109A4E624
:104C2000B0E00E9479AD2DEC30E040E050E00E9411
:104C30005AADB901330F880B990B0E940EAC4B0192
:104C40005C0120E030E0A9010E9407AC87FD10C0A4
:104C500080922E0F90922F0FA092300FB092310FB2
:104C6000C701B6010E949CAE86E00E94113EC4CBF3
:104C700010922E0F10922F0F1092300F1092310FB2
:104C8000EFCF22E02E17C8F031E0F12CE12CE31732
:104C900008F4EECEF12CE12C4D2D50E0970164E9A3
:104CA00072E18AE892E10E94772FE114F10409F49D
:104CB0004BCAC7010E94C2AF47CA69E0E61709F4B0
:104CC000DACE7AE0E71709F43FCA88E0F12CE12C4C
:104CD000E81779F0F12CE12C8AEE93E00CC0B9E0F2
:104CE000DB1609F4CACEEAE0DE1619F3F8E0DF12AB
:104CF000F3CF88EE93E00E945283D7CFEF92FF92DA
:104D00000F931F93CF93DF93CDB7DEB7C156D10971
:104D10000FB6F894DEBF0FBECDBF0EE811E1F8016B
:104D20001382128288EE93E0A0E0B0E08483958342
:104D3000A683B78326ED32E03183208345E351E03B
:104D40005587448744E351E05787468740E351E065
:104D5000518B408B41E351E0538B428B42E351E056
:104D6000558B448B46E351E0578B468B118E128E48
:104D7000138E148EE6E7FDE01382128284839583FE
:104D8000A683B783318320834DEC50E05587448759
:104D90004CEC50E05787468748EC50E0518B408BF5
:104DA00049EC50E0538B428B4AEC50E0558B448BDE
:104DB0004EEC50E0578B468B118E128E138E148E54
:104DC000E3E1FEE01382128284839583A683B78396
:104DD0003183208325EC30E03587248724EC30E0D4
:104DE0003787268720EC30E0318B208B21EC30E0B8
:104DF000338B228B22EC30E0358B248B26EC30E099
:104E0000378B268B118E128E138E148EE7EBFEE0FD
:104E10001382128284839583A683B78388EE92E0FF
:104E2000918380831092B60E1092B50E1092B40E3C
:104E30001092B30E1092B20EFF24F394F092B10EC2
:104E40001092B00E61E084E10E94B23D61E085E124
:104E50000E94B23DE9EBF0E080818E7F808380810B
:104E60008D7F808388E48093B80085E48093BC00C4
:104E7000E3ECFEE080E580831182E5ECFEE0158244
:104E800016821186138682E090E0A0E0B0E084876D
:104E90009587A687B78713A215A614A68AEF92E076
:104EA00093A782A717A6E6ECF2E182E193E0918353
:104EB00080831282138214821582ECECF2E19183DA
:104EC00080831282138214821582E2EDF2E19183D3
:104ED00080831282138214821582E8EDF2E19183BD
:104EE00080831282138214821582EEEDF2E19183A7
:104EF00080831282138214821582E4EEF2E19183A0
:104F000080831282138214821582EEE0FFE0918387
:104F100080831282138214821582EAEEF2E1918379
:104F200080831282138214821582E0EFF2E1918372
:104F300080831282138214821582E6EFF2E191835C
:104F400080831282138214821582ECEFF2E1918346
:104F500080831282138214821582E2E0F3E191834E
:104F60008083128213821482158224E630E030930B
:104F7000150F2093140FE8E0F3E1918380831282F0
:104F8000138214821582EFEBF2E19183808380EC2F
:104F9000828388EA8383F48280EA85838AE8E82E24
:104FA00082E1F82E86E093E0F7019183808363E449
:104FB00073E08CE892E10E94279163E473E089E951
:104FC00092E10E94279163E473E083EA92E10E94F8
:104FD000279163E473E089EA92E10E94279163E4F8
:104FE00073E08FEA92E10E94279163E473E085EB1E
:104FF00092E10E942791F70114AA13AA1286EBE20C
:10500000F2E112828EE2838388EE93E090937A122B
:10501000809379121092831210928412109285124A
:105020001092861211830083E2E4F1E1148A8AE08F
:1050300090E0938F828F8093861186E08093871112
:1050400081E090E0909389118093881190938B1167
:1050500080938A1186E691E190938D1180938C1153
:1050600085E090E095A384A381E6FE013196AEE74A
:10507000B0E101900D928A95E1F781E6FE0131964B
:10508000AFEDB0E101900D928A95E1F7CF59DF4F76
:105090000FB6F894DEBF0FBECDBFDF91CF911F9149
:1050A0000F91FF90EF900895EF920F931F93CF937E
:1050B000DF93E80134E047FD34E1042E000C550B8A
:1050C00057FF03C0519541955109E32E022F242F1C
:1050D000AE010E949DA9CE01DF91CF911F910F914A
:1050E000EF9008958F929F92AF92BF92CF92DF92EE
:1050F000EF92FF92CF93DF93EC01688179818A81EF
:105100009B81611571058105910521F464E279EDBA
:105110008BE597E02DE133EF41E050E00E945AAD7E
:1051200049015A019B01AC01A7EAB1E40E9479ADA3
:105130006B017C01ACEEB4EFA50194010E9487AD38
:10514000C60ED71EE81EF91EF7FE06C081E0C81A7B
:10515000D108E10880E8F80AC882D982EA82FB8295
:10516000C701B6019F77DF91CF91FF90EF90DF905D
:10517000CF90BF90AF909F908F9008958F929F9205
:10518000AF92BF92CF92DF92EF92FF9260910F02A7
:1051900070911002809111029091120261157105B7
:1051A0008105910521F464E279ED8BE597E02DE12D
:1051B00033EF41E050E00E945AAD49015A019B0192
:1051C000AC01A7EAB1E40E9479AD6B017C01ACEEC1
:1051D000B4EFA50194010E9487ADC60ED71EE81E4C
:1051E000F91EF7FE06C081E0C81AD108E10880E880
:1051F000F80AC0920F02D0921002E0921102F092CF
:105200001202C701B6019F77FF90EF90DF90CF9019
:10521000BF90AF909F908F90089560930F0270930E
:105220001002809311029093120208951F93FC01C3
:1052300099278827BC01E89411911032E9F31930BD
:1052400010F01E30C8F31B3251F01D3249F468943F
:1052500006C00E946EA9610F711D811D911D1191E3
:1052600010531A30B0F33EF4909580957095619587
:105270007F4F8F4F9F4F1F910895FB01DC0104C0AA
:105280008D910590801921F441505040C8F7881B3A
:10529000990B0895FB01DC0102C005900D9241506D
:1052A0005040D8F70895FB01DC0105900D920020D5
:1052B000E1F70895FC0105900020E9F780959095AD
:1052C0008E0F9F1F0895BB274A3031F4992322F493
:1052D000BDE2909581959F4F0C9484A9592F482F3A
:1052E000372F262F660F771F881F991F660F771F8E
:1052F000881F991F620F731F841F951F660F771FEA
:10530000881F991F0895BB27FB015527AA27880FDF
:10531000991FAA1FA41710F0A41B83955051B9F729
:10532000A05DAA3308F0A95DA193009779F7B111A8
:10533000B1931192CB010C94F7AB8F929F92AF92E5
:10534000BF92CF92DF92EF92FF920F931F93CF9372
:10535000DF9300D000D000D0CDB7DEB76A01F22EC7
:10536000B02E102FFBE3AF2EA01608F41BE31F5F37
:10537000012F27E0AE014F5F5F4F0E9416ABBC01CB
:105380008981982F9970913009F44EC09BE2E1FC1D
:1053900004C09E2D9170E0FC49C05E2D5071E82F35
:1053A000E87083FF55C084E0911101C083E0EF2DC8
:1053B000E81B8F1508F0E0E0D6018E2F20E2552380
:1053C000C9F1992329F0D6019C93C60101966C017D
:1053D00096012D5F3F4FE2FE33C08EE4D6018C93E1
:1053E00091E411969C93119712968C93D9018E2F6C
:1053F00090E281112AC0E20FF32FF11D10828EEF8F
:105400009FEF29960FB6F894DEBF0FBECDBFDF9198
:10541000CF911F910F91FF90EF90DF90CF90BF90B1
:10542000AF909F908F9008959DE2B7CF90E2B5CF57
:105430002D9381508111FCCFCE0ED11CE0E0C1CF65
:105440008EE6D6018C9391E6CCCF9D938150D1CF3F
:10545000482F447082FF3DC084E0911101C083E079
:105460008F1510F4EF2DE81BD6018E2F20E2552367
:1054700009F1992329F0D6019C93C60101966C018C
:1054800096012D5F3F4FE2FE1BC089E4D6018C934D
:105490008EE411968C93119786E412968C93D90121
:1054A0008E2F90E2882309F4A6CF9D938150FACFE6
:1054B0002D9381508111FCCFCE0ED11CE0E0D9CFCD
:1054C00089E6D6018C938EE611968C93119786E629
:1054D000E4CF9B0177FF02C030E020E0A1E0B0E024
:1054E000911102C0B0E0A0E0F9013196AE0FBF1FEC
:1054F0008B2C912CBB2009F461C05401EFEFAE1A44
:10550000BE0AAA0DBB1DFA161B0619F014F04F2D8A
:105510004A1B511188C0E3FC59C07601A42FB0E2A8
:10552000A1114FC0C40ED11C992309F45BC040E007
:10553000D6011196F60190836D01552309F448C0F8
:10554000012F060F9A81582F507184FF03C09133A9
:1055500009F4015010160CF047C0093008F008E0BB
:10556000EEE2FE2E5B01A01AB108850191948194B0
:1055700091082F3F320729F4D601FC92F6013196AB
:105580006F016217730794F1021713077CF5DB01B3
:10559000A21BB30BAA24A394B12CAC0EBD1EAA0D62
:1055A000BB1D11968C9121503109D60111962815F9
:1055B0003905F4F0F60180836D01DBCFB12CA12C0D
:1055C000A0CFF701B1937F01A150AACF9111B0CF25
:1055D000D601942F50E302C05D9391509111FCCFFE
:1055E000C40ED11C40E0ACCF01E0BACF80E3DBCFEA
:1055F0006217730731F4963388F4953311F4552309
:1056000069F0F6018083FD01842F90E2811108C0CA
:10561000A40FB11D1C9290E080E0F3CE81E3F1CFA6
:1056200091938150F3CF911183CF8ACF283008F026
:1056300027E03327DA01990F311D87FD916000962D
:105640006105710539F432602E5F3D9330E32A9590
:10565000E1F708959F3F30F080387105610509F04A
:105660003C5F3C5F3D93913008F08068911DDF9373
:10567000CF931F930F93FF92EF92192F987F9695D8
:10568000E92F96959695E90FFF27E65EFC4F99273F
:105690003327EE24FF24A701E7010590089407941F
:1056A00028F4360FE71EF81E491F511D660F771F9D
:1056B000881F991F0694A1F70590079428F4E70E18
:1056C000F81E491F561FC11D770F881F991F661F9F
:1056D0000694A1F70590079428F4F80E491F561F69
:1056E000C71FD11D880F991F661F771F0694A1F74A
:1056F0000590079420F4490F561FC71FD81F990F14
:10570000661F771F881F0694A9F78491109517705C
:1057100041F0D695C79557954795F794E7941A9514
:10572000C1F7E0ECF2E06894159015913591659120
:10573000959105907FE27395E118F10A430B560BA2
:10574000C90BD009C0F7E10CF11E431F561FC91F3A
:10575000D01D7EF4703311F48A95E6CFE8940150A1
:1057600030F0080F0AF40027021708F4202F2395C1
:10577000022F7A3328F079E37D932A95E9F710C058
:105780007D932A9589F60694979567953795179591
:105790001794E118F10A430B560BC90BD00998F086
:1057A00023957E9173957A3308F070E37C932013F0
:1057B000B8F77E9170617D9330F0839571E37D93AE
:1057C00070E32A95E1F71124EF90FF900F911F915C
:1057D000CF91DF91992787FD9095089591110C94B1
:1057E000DAAC803219F089508550C8F70895DC0191
:1057F000FC01672F71917723E1F7329704C07C9108
:105800006D9370836291AE17BF07C8F308950E942D
:1058100049AC08F481E00895E89409C097FB3EF490
:1058200090958095709561957F4F8F4F9F4F9923ED
:10583000A9F0F92F96E9BB279395F695879577956B
:105840006795B795F111F8CFFAF4BB0F11F460FF2B
:105850001BC06F5F7F4F8F4F9F4F16C0882311F083
:1058600096E911C0772321F09EE8872F762F05C097
:10587000662371F096E8862F70E060E02AF09A9532
:10588000660F771F881FDAF7880F9695879597F927
:105890000895990F0008550FAA0BE0E8FEEF1616C1
:1058A0001706E807F907C0F012161306E407F50714
:1058B00098F0621B730B840B950B39F40A2661F088
:1058C000232B242B252B21F408950A2609F4A1402B
:1058D000A6958FEF811D811D08950E9480AC0C94C8
:1058E000F4AC0E94E6AC38F00E94EDAC20F09523B9
:1058F00011F00C94DDAC0C94E3AC11240C9428ADA5
:105900000E9405AD70F3959FC1F3950F50E0551FB0
:10591000629FF001729FBB27F00DB11D639FAA2704
:10592000F00DB11DAA1F649F6627B00DA11D661F53
:10593000829F2227B00DA11D621F739FB00DA11D74
:10594000621F839FA00D611D221F749F3327A00D2E
:10595000611D231F849F600D211D822F762F6A2FCA
:1059600011249F5750409AF0F1F088234AF0EE0F2F
:10597000FF1FBB1F661F771F881F91505040A9F75C
:105980009E3F510580F00C94DDAC0C9428AD5F3F38
:10599000E4F3983ED4F3869577956795B795F79598
:1059A000E7959F5FC1F7FE2B880F911D9695879510
:1059B00097F9089599278827089597F99F6780E8B0
:1059C00070E060E008959FEF80EC089500240A9451
:1059D0001616170618060906089500240A941216CA
:1059E0001306140605060895092E0394000C11F4FD
:1059F000882352F0BB0F40F4BF2B11F460FF04C0AA
:105A00006F5F7F4F8F4F9F4F089557FD9058440F02
:105A1000551F59F05F3F71F04795880F97FB991F0D
:105A200061F09F3F79F087950895121613061406CA
:105A3000551FF2CF4695F1DF08C016161706180657
:105A4000991FF1CF86957105610508940895E89432
:105A5000BB2766277727CB0197F90895DC01CB0197
:105A6000FC01F999FECF06C0F2BDE1BDF89A31966E
:105A700000B40D9241505040B8F70895F999FECF07
:105A800092BD81BDF89A992780B50895A8E1B0E04C
:105A900042E050E00C9430AD262FF999FECF1FBAAA
:105AA00092BD81BD20BD0FB6F894FA9AF99A0FBE47
:105AB00001960895052E97FB1EF400940E9471AD87
:105AC00057FD07D00E948CAD07FC03D04EF40C9418
:105AD00071AD50954095309521953F4F4F4F5F4F99
:105AE000089590958095709561957F4F8F4F9F4F4A
:105AF00008950E94AEADA59F900DB49F900DA49FF8
:105B0000800D911D11240895B7FF0C9479AD0E946A
:105B100079AD821B930B0895A1E21A2EAA1BBB1B21
:105B2000FD010DC0AA1FBB1FEE1FFF1FA217B30769
:105B3000E407F50720F0A21BB30BE40BF50B661F7F
:105B4000771F881F991F1A9469F760957095809543
:105B500090959B01AC01BD01CF010895A29FB001BA
:105B6000B39FC001A39F700D811D1124911DB29F91
:105B7000700D811D1124911D08955058BB27AA272F
:105B80000E94D5AD0C94F4AC0E94E6AC38F00E94B3
:105B9000EDAC20F039F49F3F19F426F40C94E3ACFB
:105BA0000EF4E095E7FB0C94DDACE92F0E9405AD07
:105BB00058F3BA17620773078407950720F079F442
:105BC000A6F50C9427AD0EF4E0950B2EBA2FA02D60
:105BD0000B01B90190010C01CA01A0011124FF279A
:105BE000591B99F0593F50F4503E68F11A16F04095
:105BF000A22F232F342F4427585FF3CF4695379594
:105C00002795A795F0405395C9F77EF41F16BA0B58
:105C1000620B730B840BBAF09150A1F0FF0FBB1F06
:105C2000661F771F881FC2F70EC0BA0F621F731F4F
:105C3000841F48F4879577956795B795F7959E3FAC
:105C400008F0B0CF9395880F08F09927EE0F97953D
:105C5000879508950E943EAE0C94F4AC0E94EDAC82
:105C600058F00E94E6AC40F029F45F3F29F00C9414
:105C7000DDAC51110C9428AD0C94E3AC0E9405AD41
:105C800068F39923B1F3552391F3951B550BBB276B
:105C9000AA2762177307840738F09F5F5F4F220FB0
:105CA000331F441FAA1FA9F335D00E2E3AF0E0E8A7
:105CB00032D091505040E695001CCAF72BD0FE2FF1
:105CC00029D0660F771F881FBB1F26173707480785
:105CD000AB07B0E809F0BB0B802DBF01FF2793583D
:105CE0005F4F3AF09E3F510578F00C94DDAC0C9478
:105CF00028AD5F3FE4F3983ED4F38695779567959A
:105D0000B795F7959F5FC9F7880F911D9695879571
:105D100097F90895E1E0660F771F881FBB1F621790
:105D200073078407BA0720F0621B730B840BBA0B4E
:105D3000EE1F88F7E09508950E94A3AE6894B11114
:105D40000C9428AD08950E940DAD88F09F5798F0EF
:105D5000B92F9927B751B0F0E1F0660F771F881F70
:105D6000991F1AF0BA95C9F714C0B13091F00E948A
:105D700027ADB1E008950C9427AD672F782F8827C1
:105D8000B85F39F0B93FCCF3869577956795B395B1
:105D9000D9F73EF490958095709561957F4F8F4F20
:105DA0009F4F08950E9449AC08F48FEF08950E9418
:105DB00049AC880B990B0895991B79E004C0991F91
:105DC000961708F0961B881F7A95C9F78095089555
:105DD000AA1BBB1B51E107C0AA1FBB1FA617B70711
:105DE00010F0A61BB70B881F991F5A95A9F780952D
:105DF0009095BC01CD01089597FB072E16F40094F1
:105E000007D077FD09D00E94E8AE07FC05D03EF42C
:105E1000909581959F4F0895709561957F4F089556
:105E2000EE0FFF1F881F8BBF0790F691E02D19948E
:105E300069279627692778278727782708950E945A
:105E4000AEADB7FF0895821B930B08950F931F9378
:105E5000CF93DF938230910510F482E090E0E091DF
:105E60001013F091111330E020E0B0E0A0E0309783
:105E700099F42115310509F44AC0281B390B243047
:105E80003105D8F58A819B816115710589F1FB0186
:105E900093838283FE0111C040815181028113816D
:105EA00048175907E0F04817590799F4109761F01F
:105EB00012960C93129713961C933296CF01DF9192
:105EC000CF911F910F910895009310131093111308
:105ED000F4CF2115310551F04217530738F0A901CD
:105EE000DB019A01BD01DF01F801C1CFEF01F9CF5C
:105EF0009093111380931013CDCFFE01E20FF31F87
:105F0000819391932250310939832883D7CF2091EF
:105F10000E1330910F13232B41F420911502309171
:105F2000160230930F1320930E1320911302309119
:105F300014022115310541F42DB73EB740911702E7
:105F400050911802241B350BE0910E13F0910F13A2
:105F5000E217F307A0F42E1B3F0B2817390778F040
:105F6000AC014E5F5F4F2417350748F04E0F5F1F9F
:105F700050930F1340930E13819391939FCFF0E0B2
:105F8000E0E09CCFCF93DF930097E9F0FC013297DC
:105F900013821282A0911013B0911113ED0130E021
:105FA00020E01097A1F420813181820F931F20916E
:105FB0000E1330910F132817390709F061C0F093C1
:105FC0000F13E0930E13DF91CF910895EA01CE17DE
:105FD000DF07E8F54A815B819E0141155105B1F764
:105FE000E901FB83EA8349915991C40FD51FEC174E
:105FF000FD0761F4808191810296840F951FE9016C
:1060000099838883828193819B838A83F0E0E0E097
:1060100012968D919C9113970097B9F52D913C9113
:106020001197CD010296820F931F20910E1330918C
:106030000F132817390739F6309751F510921113BD
:1060400010921013B0930F13A0930E13BCCFD383F1
:10605000C28340815181840F951FC817D90761F40D
:106060004E5F5F4F88819981480F591F518340834C
:106070008A819B81938382832115310509F0B0CFFA
:10608000F0931113E09310139ECFFD01DC01C0CFFC
:1060900013821282D7CF4F925F926F927F928F922C
:1060A0009F92AF92BF92CF92DF92EF92FF920F93A7
:1060B0001F93CF93DF938C01009799F4CB01DF916D
:1060C000CF911F910F91FF90EF90DF90CF90BF90F5
:1060D000AF909F908F907F906F905F904F900C94B7
:1060E00026AFFC01E60FF71F9C0122503109E21791
:1060F000F30708F4AEC0D901CD91DC911197C61712
:10610000D70720F1C530D10578F0CE010497861766
:10611000970750F0C61BD70B2297C193D1936D936D
:106120007C93CF010E94C2AFC801DF91CF911F9134
:106130000F91FF90EF90DF90CF90BF90AF909F9026
:106140008F907F906F905F904F9008955B01AC1A95
:10615000BD0A4C018C0E9D1EA0911013B09111131D
:10616000512C412CF12CE12C109731F580910E131C
:1061700090910F138815990509F05CC046165706D3
:1061800008F058C08091130290911402009741F4D6
:106190008DB79EB74091170250911802841B950B42
:1061A000E817F90708F055C0F0930F13E0930E13AA
:1061B000F90171836083B8CF8D919C9111971296EC
:1061C0006C90129713967C901397A815B90559F502
:1061D0006C0142E0C40ED11CCA14DB0420F1AC01F6
:1061E0004A195B09DA011296159780F06282738270
:1061F00051834083D9016D937C93E114F10471F0D4
:10620000D7011396FC93EE9312978ECF22968C0FA4
:106210009D1FF90191838083F301EFCFF093111358
:10622000E093101381CF4816590608F42C017D0124
:10623000D3019ACFCB010E9426AF7C01009749F091
:10624000AE01B8010E9446B1C8010E94C2AF8701E9
:106250006BCF10E000E068CF81E090E0F8940C9400
:1062600099B19111089581548A5108F4805E855A3C
:106270000895FB01DC0104C08D910190801921F487
:1062800041505040C8F7881B990B0895FB01DC0171
:1062900002C001900D9241505040D8F70895DC01A2
:1062A00001C06D9341505040E0F70895FC01819189
:1062B000861721F08823D9F7992708953197CF01C0
:1062C0000895FB01DC018D91019080190110D9F333
:1062D000990B0895FB01DC0101900D920020E1F77C
:1062E0000895FB01DC014150504030F08D91019048
:1062F000801919F40020B9F7881B990B0895FB0148
:10630000DC014150504048F001900D920020C9F747
:1063100001C01D9241505040E0F70895FC0181E01A
:1063200090E00190061609F4CF010020D1F7019703
:10633000089513E0C4E8D3E000E006C0802FFE011A
:106340000E9410AF2196011DC538D10780E00807D3
:06635000A9F7F894FFCF4D
:106356001D020100C0DEADBEEFFEEAFFFFFFFF013A
:10636600000000000012138000000000002F35FE20
:1063760035B23C010200000300000000ED06415862
:106386002C35E70503075A551A5423581B565C56F5
:10639600AC5849367B5884553B55400730072C0787
:1063A60028070000000012077B59EB53D0566154B2
:1063B600E0552954EB59E556FA5597567556B92FB7
:1063C600C12FFC35B62FB42F0707AA2F50590E59E7
:1063D600E358A62F01005E0000001F1C1F1E1F1E93
:1063E6001F1F1E1F1E1FEA03F0037C06AA06580283
:1063F600A30697068E068B06880685068006C703C3
:10640600C303BF03BB03000000009D06B2538D0605
:10641600FD516D06B94FC34F000001020304050686
:106426000F10000000004E04317ED1039B040204CD
:10643600E003F403000000003E0611062C35E705D4
:106446000A06F705E80500000000A153317E2D502D
:10645600307E00000000BC363D2F772F952F0000C0
:10646600000001362F2F22225C5C6208660C6E0A41
:10647600720D7409005C7530303030006E756C6CCE
:1064860000747275650066616C736500504F4E4D01
:10649600000909004142434445464748494A4B4C96
:1064A6004D4E4F505152535455565758595A616292
:1064B600636465666768696A6B6C6D6E6F7071722E
:1064C600737475767778797A303132333435363776
:1064D60038392B2F0073756E2E637376004D445535
:1064E600494E4F006D627573207274752070696E27
:1064F6003A003139322E3136382E312E31300053B2
:106506004420424547494E203A2000636D640063AB
:106516004944007349440074696D650073756E00E3
:106526006F787900636F6E64007475726200666CD2
:10653600756F0073616C0043305F70480043305FD5
:1065460074656D70007072657373696F6E45410096
:106556007072657373696F6E454300735049445F8B
:10656600454100735049445F454300735049445FB9
:10657600544543006E65787453756E5570006E65AC
:10658600787453756E446F776E0053454E442044BD
:106596004154410043414C494252415445205345E0
:1065A6004E534F520063616C69622E73656E736F52
:1065B6007249443A0043414C4942524154452050A5
:1065C600480063616C69622E76616C75653A0048B5
:1065D600616D696C746F6E43616C6962537465704A
:1065E6003A0048616D696C746F6E2E7175657279CB
:1065F6002E753869643A00666163746F7279207229
:10660600657365740071756572792073656E7400C3
:106616007175657279204F4B0073746174757320C0
:10662600007B22636D64223A32302C202263494477
:10663600223A302C22734944223A307D0047455491
:10664600200020485454502F312E310D0A486F73C4
:10665600743A20000D0A557067726164653A2077B6
:106666006562736F636B65740D0A436F6E6E656367
:1066760074696F6E3A20557067726164650D0A55CC
:106686007365722D4167656E743A2061726475692F
:106696006E6F2D576562536F636B65742D436C691E
:1066A600656E740D0A5365632D576562536F636B90
:1066B60065742D56657273696F6E3A2031330D0A13
:1066C6005365632D576562536F636B65742D507206
:1066D6006F746F636F6C3A2061726475696E6F0DCB
:1066E6000A5365632D576562536F636B65742D4B53
:1066F60065793A20000D0A005365632D576562538C
:106706006F636B65742D457874656E73696F6E7310
:106716003A2000485454502F312E00436F6E6E6558
:106726006374696F6E0055706772616465007765A2
:1067360062736F636B6574005365632D57656253AF
:106746006F636B65742D4163636570740053656395
:106756002D576562536F636B65742D50726F746F3E
:10676600636F6C005365632D576562536F636B658A
:10677600742D457874656E73696F6E730053656327
:106786002D576562536F636B65742D566572736919
:106796006F6E0054686973206973206120776562A3
:1067A600536F636B657420636C69656E742100704A
:1067B60061796C6F61643A005245512050415241F3
:1067C6004D530052455120444154410072704800D7
:1067D600636F6E73004B70004B69004B640061463B
:1067E6006F726361676500636F6E73466F72636194
:1067F6006765006F6666736574007254656D700038
:10680600426F6F6C204120466F7263616765203D61
:106816002000526563656976656420706172616DFA
:106826007300536176656420706172616D730072E6
:106836005072657373696F6E45410072507265736D
:1068460073696F6E454300524551204D415354457F
:10685600522044415441002D4641494C2D003235C9
:106866003845414641352D453931342D343744417B
:106876002D393543412D4335414230444338354265
:106886003131006E616E00696E66006F7666007269
:1068960054656D70454300735049445F7063002D25
:1068A6003939004D65736F49440064656269740047
:1068B6004C6576656C48004C6576656C4C004C659D
:0668C60076656C4C4C00ED
:00000001FF
